input:,course,feeling,wordlimit,output:
請生成 分析化學（二）課程的正面心得並限制在89字內, 分析化學（二）,正面,89,分析化學(二)比較屬於介紹儀器原理和應用，比較多需要背誦的東西，考試需要記很多的名詞解釋，但有整理好的考前重點複習，所以不用太擔心，老師上課有許多小規定，像是不能吃東西用3c等等
請生成 英語發音（二）課程的負面心得並限制在109字內,工程數學(一),負面,109,開學前三週我一直以為這老師很有料，但直到他開始教課才發現這人上課都直接糊過去的，什麼都沒講就直接開始放計算題，但又講不了什麼。建議自己看參考書，老師講義做的非常亂。
請生成 配位化學概論課程的正面心得並限制在85字內, 配位化學概論,正面,85,老師只會教半學期的課，後半學期則是給小組分組然後報告，之後還要拍一部和配位化學相關的影片，整體下來雖有點麻煩，但老師給分還算甜，不過學到的東西感覺很少，需要自己課後查閱。
請生成 普通物理實驗（二）課程的正面心得並限制在83字內, 普通物理實驗（二）,正面,83,經過了上學期的磨練，在數據處理上有很大的進步，算起來也比較快，只是這學期的內容跟上學期蠻不一樣的，記得有一次接電路接到很崩潰，覺得好難，但後面幾次就還好了，還算輕鬆。
請生成 邏輯思考與應用課程的正面心得並限制在154字內, 邏輯思考與應用,正面,154,上課會要寫筆記或者拍起來黑板，這樣才有東西可以復習，不然就是超強大腦，算是一門大部分人要讀書讀懂才可以拿到高分的課程，畢竟大部分比例都是算考試成績，會公佈成績在moodle上面，所以如果期中快被當了就可以及時退選，有趣的是上台回答問題正確可以一次加85基金1分，就是總成績沒有85分可以用這個方式加到85分。
請生成《楚辭‧九歌》與神話、巫風課程的正面心得並限制在105字內,《楚辭‧九歌》與神話、巫風,正面,105,對神話感興趣所以選了這門課，老師每次進教室時都會很有活力的跟大家打招呼、講課時咬字也非常清晰，會忍不住被老師說的話吸引。每週上課老師都會準備自己編的講義，讓看不太到投影幕的人也可以跟讀，下課後也有講義能夠複習。
請生成Python 計算機程式設計課程的正面心得並限制在148字內,Python 計算機程式設計,正面,148,第一堂課，要加簽的人排到教室外 (目測20多人) 但期中後停修的人數也是接近2、30人 (老師還會提醒各位停修最後期限，去找就是全簽...怕) 修課下來覺得老師的Python教得很扎實 但是作業真的很多... 而且非常的難 不甜不涼的課程，望各位三思。
請生成人工智慧於電力系統之應用課程的正面心得並限制在198字內,人工智慧於電力系統之應用,正面,198,本課程主要會以電力系統為背景，搭配使用啟發式演算進行輔助，所以在選課前須要有基本電力系統概念，才能了解老師的上課內容。除了可學到人工智慧基本學理與方法介紹(PSO、GA演算法)、圖脈理論介紹、電力系統元件塑模介紹、電力系統分析法(牛頓法，牛頓拉森法，快速解耦合法)介紹，以及電力系統規劃與運轉應用之範例。在完成作業的過程中，學習到文獻搜尋及如何過濾文獻的參考度，最後能更加深刻學到電力系統的概況。
請生成人生哲學與批判性思考課程的正面心得並限制在85字內,人生哲學與批判性思考,正面,85,是一堂很輕鬆的課，可以把他當成聽故事，老師會分成科學革命、 工業革命、大數據時代去做講解，也會有西方神話人物的故事，考試只要寫你最有印象的部分，加入自己的見解。
請生成人生哲學與批判思考課程的正面心得並限制在86字內,人生哲學與批判思考,正面,86,老師人很好，上課氛圍很輕鬆自在。每週都有一個主題，課堂主要互動方式是老師會根據該主題提出問題，有想法就可以回答（老師也會給予回饋），有點像辯論，就像課堂名稱寫的批判性思考。
請生成人格心理學課程的正面心得並限制在63字內,管理學,正面,63,這堂課讓我受益良多，平常自己沒有習慣寫日記，但經過每週這樣持續下來，很習慣將自己的心情寫下來，也可以順便檢視自己哪裡還有不足的地方需要改和透過這個作業更了解自己。訪談小組作業讓我更了解企業是如何管理好各個方面，經過多年的社會經驗得出自己企業不一樣的管理文化。
請生成土風舞課程的正面心得並限制在78字內,土風舞,正面,78,就算生病也要到現場坐在旁邊看~~老師會很讚賞這種很有學習精神的行為！另外，如果跳土風舞跳得特別認真的人，老師還會特別加分。總結來說，老師蠻喜歡認真的學生的！
請生成大學入門課程的負面心得並限制在136字內,大學入門,負面,136,課程多為講座，每次聽完都需要寫心得，雖然只要30字，但有幾個講座其實沒有什麼收穫。 關於地科系實驗室介紹的部分，主要是講解各組別有哪些課程以及教授們的專長。 這堂課收穫不多，每堂課都要去，請假兩次（含）以上，就要再補繳一篇800字心得，修習其他課程可能比修習大學入門更好。
請生成女性文學、性別平等理論與婦運課程的負面心得並限制在83字內,歷史與電影,負面,83,這堂課的難度有點高，適合喜歡挑戰自己的同學來選，如果只是要畢業學分可以選擇另一位老師的歷史與電影，如果已經選到了，那一定要認真準備，如果上課答不出來老師的問題，你的分數就會扣很多。
請生成女性主義課程的正面心得並限制在83字內,女性主義,正面,83,分數超級無敵高XD 一定要選！但是老師上課偏無聊就是了，但是如果是真心對女性主義和婦女運動有興趣的人可以考慮來修她的課！她會講蠻多的！當然只是想要來混分的也可以來XD
請生成中文寫作與表達課程的正面心得並限制在81字內,中文寫作與表達,正面,81,這堂課真的是又甜又涼！老師聲音很溫柔，那時候是早八上課，真的會很想睡⋯，而課堂作業都不會到太難，有寫一點東西就會有分數
請生成中文寫作與表達課程的正面心得並限制在158字內,中文寫作與表達,正面,158,印象中是第二次上課要分組，組員自己找。但上次已經分組過了，所以基本上組員會一樣。 上課蠻輕鬆的！老師會根據上課的主題讓大家一起分組討論後發表～ 我覺得老師人真的超級讚的！不管發表什麼，老師都會認真的去理解同學的想法並給予回饋。 另外，分數是根據上課的投入程度，而不是你作業寫的好壞去區分的，所以不用太擔心分數的問題！
請生成中文閱讀與思辨課程的正面心得並限制在156字內,中文閱讀與思辨,正面,156,第一次上課老師會給一本50元的講義，那本講義裡面是這學期上課的文章，學生內容就是讀講義的文章，然後回答文章中的問題，或者有一些自我思考，之後寫在一本屬於自己的本子裡，題目都不難、回答問題也沒有一個正確答案，老師希望學生有自我思考跟表達的能力，我覺得上課的內容不無聊然後我也很喜歡，是一個有學習到東西但又不硬的課。
請生成中文閱讀與思辨課程的正面心得並限制在95字內,中文閱讀與思辨,正面,95,因為出席只佔10%，所以我只有去6次左右。但作業與團體報告我都很認真，期末考也有朋友的筆記幫助，所以有Ａ＋，真的很讚。期末考10題其實也不難，在老師講義裡找或許有答案，但有幾題是自由思考的。
請生成中文閱讀與思辨課程的正面心得並限制在137字內,中文閱讀與思辨,正面,137,印象中是第二次上課要分組，組員自己找。 上課蠻輕鬆的！老師會根據上課的主題讓大家一起分組討論後發表～ 我覺得老師人真的超級讚的！不管發表什麼，老師都會認真的去理解同學的想法並給予回饋。 另外，分數是根據上課的投入程度，而不是你作業寫的好壞去區分的，所以不用太擔心分數的問題！
請生成中文閱讀與思辨課程的正面心得並限制在116字內,中文閱讀與思辨,正面,116,每次分組討論時老師都會依照座位分組，所以如果想認識更多的人可以每次上課都座不同的位子喔 ! 老師人真的很好很溫柔也很支持我們分享自己的意見，我覺得老師還蠻注重獨立思考的 ! 最後的期末報告可以發揮一下創意，或許會拿到更高的分數喔 ~
請生成中文閱讀與思辨課程的正面心得並限制在89字內,中文閱讀與思辨,正面,89,老師上課的方式跟一般國文課超不一樣，分析韓劇、台劇等，超貼近學生，也讓我們用不同角度去多次思辨平常不太會注意到的細節，整個課程完全不像死板的國文課，更像是一起思辨、師生交流的課！
請生成中級日語（一）課程的正面心得並限制在98字內,中級日語（一）,正面,98,使用日本語gogogo 3，16週沒把整本上完（中間還有碰到放假什麼的），但老師很努力趕課，所以語速和進度有點快，需要滿專注才能跟上，大部分課前會有單字小考，但也不難，期中、期末考試有看課本就可以
請生成中級寫作（二）課程的正面心得並限制在85字內,中級寫作（二）,正面,85,這堂課是系上必修，我覺得上多德老師的課有一個好處是常常放假，常常沒事就會停課，蠻開心的，而聘長的小作業都是很輕鬆能完成，不需要額外花很多時間去準備，但四篇作文就需要認真寫
請生成中級韓文（一）課程的正面心得並限制在291字內,中級韓文（一）,正面,291,從初級韓文就開始上金家絃老師的課，老師講解文法都蠻清楚的！ 而且老師人很好，怕大家課業太忙，所以通常出寫作作業的時候，繳交時間是兩個禮拜，但是通常大家都還是一個禮拜就交作業了！ 作業有聽力作業跟寫作作業，寫作作業是一課一篇短短的約500字，老師上課也會說怎麼寫所以不會很難。 聽力作業通常期中之前都是聽課本後面的錄音檔寫完之後訂正，期中之後是改成講稿錄音。 上課到教室後老師會發簽到紙讓大家簽名，開始上課後老師會先講解說明，之後會請大家跟旁邊的同學一起練習對話。 老師給分很固定，就是依照上課出席、作業有無繳交、考試這三個下去打分數！考試考得好而且其他都有做到的話，拿高分不是問題~
請生成中國文學史下課程的正面心得並限制在78字內,中國文學史下,正面,78,這堂課主要就是講述中國文學自詩經、楚辭開始至清初之發展脈絡，以文學為主軸，旁及各朝代重大歷史事件乃至藝術發展情形，需認識各朝文學大致樣貌，背誦文人與其作品。
請生成中國哲學概論（一）課程的正面心得並限制在86字內,中國哲學概論（一）,正面,86,在上這堂課以前，我本來覺得哲學是一個很抽象的概念，似乎離自己很遙遠，但是我現在才發現，哲學包含的範疇其實非常地廣，日常生活中大大小小的事務都與哲學相關，和我們的生活密不可分
請生成公平交易法課程的正面心得並限制在134字內,公平交易法,正面,134,修課的人很多，老師上課很認真，很可惜的是大部分的人都是在做自己的事情，可能在寫其他科的作業、或做其他科的報告，也認真上課跟抄筆記的話會很有收穫，而且有交報告、點名都有到且有抄筆記分數不會低。 因為是早八的課我常常起不來去上課，但有寫報告偶爾有點到名我的分數也沒有很低。
請生成化學數學課程的正面心得並限制在112字內,化學數學,正面,112,老師教得很好，推導過程都講得非常仔細，有問題詢問老師也都很耐心講解，考試不難，把ppt上的內容都確實推導過一遍，考古題認真寫過就可以拿高分，只是每隔兩周就有一次小考，作業分數佔很重，要記得寫，建議修該堂課，對大三的物化打基礎
請生成心理學課程的正面心得並限制在114字內,心理學,正面,114,其實跟高中上課很像，就是老師一直講，偶爾會穿插笑話。老師說PPT能拍但不給檔案，是因為之前沒有授權就發現被其他學校老師拿去用。期末考是英文出題，我真的很不會寫，可能只有40分，但其中作業90幾分，老師還是給Ａ＋，真的很謝謝老師！
請生成心理學課程的正面心得並限制在86字內,心理學,正面,86,老師將書本內容彙整成ppt，蠻好理解的，有些理論知識也都很有趣，課程中會穿插小影片，幫助理解，只是期中考要背誦較多名詞解釋，但老師給分很甜，不要考太差，基本上總成績都不錯!
請生成文法與修辭課程的負面心得並限制在85字內,文法與修辭,負面,85,這堂課真的就是在學文法，高中學過的文法會全部再出現一次，考試也回復以前那種考文法的樣子，但可能會比高中再多一點新的用法，上起來其實不難，畢竟大家高中都學過了，所以有點無聊
請生成文學作品導讀（一）課程的負面心得並限制在62字內,文學作品導讀（一）,負面,62,老師的香水味滿重的，就算下課老師離開教室後，還是有機會聞得到。而且給分也不高，努力與成績不成正比
請生成文學作品導讀（一）課程的負面心得並限制在85字內,文學作品導讀（一）,負面,85,這堂課教授是德國人，他會很想記大家的名字，但被他記起來上課就會一直被點到，所以不想被點就坐後面一點，被點到如果回答不出來老師會一直等你，非常尷尬，但老師考試給分還是蠻高的
請生成水中有氧課程的正面心得並限制在97字內,水中有氧,正面,97,好課就要一修再修，我大學四年修的體育課都修這個老師的！原本是個旱鴨子，但被老師教到我愛上游泳了！老師非常地有耐心，就算真的學不會，老師也會細心在旁指導。老師也是我在師大這些年遇過最溫柔的老師了！
請生成四書(二)課程的正面心得並限制在90字內,四書(二),正面,90,老師上課很活潑，會分組討論，也會辦對論（其實就類似辯論）鼓勵我們多聽各種立場跟聲音，也會讓我們學習自我反思。但是3C產品要收起來，不過如果真的有急事，老師也會通融讓我們出教室處理。
請生成本國語文(一)課程的正面心得並限制在123字內,本國語文(一),正面,123,語文是我們從小到大，必須學習的，從認字、寫字、閱讀、理解、深入探討，是我們學習過程中很重要的，你想要知道更多的知識，必須多方面接觸，多讀課外讀物，才能讓自己的知識更多，讓自己有更多機會。老師上課認真、用心，考試不難，可以開書，所以不用擔心不好過。
請生成民法債編各論課程的正面心得並限制在101字內,民法債編各論,正面,101,老師上課的講話方式非常有趣，因老師本身是律師，所以老師上課常常會舉實際案例來輔佐上課內容，在上課過程中完全不會感受到無聊，而是可以用輕鬆的心情來學習，這令我感到十分放鬆也因為這樣的上課方式使我獲益良多。
請生成民族舞蹈課程的正面心得並限制在130字內,民族舞蹈,正面,130,第一次上課其實有點被嚇到，因為真的蠻多有民族舞基礎的能人來修這堂課，我還以為我這種舞痴會被電慘，但實際上老師會一步一步拆解動作重複練習，所以多跳還是能跳得出舞來。從一開始拉筋都難到能跳兩支民族舞很有成就感，當然認真出席認真練舞也很重要，你的努力會被看在眼裡的。
請生成民間文學與說唱藝術課程的正面心得並限制在104字內,雲端生產數據中心導論,正面,104,我學到如何建立和運營雲端數據生產中心，包括如何管理和處理大量數據、使用雲端技術來提高效率和彈性，以及如何利用數據分析來做出更明智的業務決策。此外，你還可能學到關於雲端基礎設施、數據安全性和隱私保護等相關主題。
請生成生物技術課程的正面心得並限制在112字內,生物技術,正面,112,是公認的涼課，可以幫同學代簽到，但老師真的教的蠻用心的，認真聽應該是可以學到不少東西，考試會線上考一週，從ppt上找的到，不然也可以自己google，後半學期為分組報告，需要報告一篇論文，整踢來說真的很涼，需要學分的人可以修
請生成生物資訊學導論課程的正面心得並限制在103字內,生物資訊學導論,正面,103,是很涼的一堂課，但還是建議認真上課，雖有PPT，但上面的註解很少，期中考會有很多需要自己上網運用程式查詢的資料，若上課有稍微跟著老師的話會比較輕鬆，期末需分組報告一篇論文，還算輕鬆，需要學分的會可以修這堂課
請生成生活中的化學課程的負面心得並限制在77字內,臺灣環境與永續生活,負面,77,基本上考上課的筆記，可以帶一張大抄，上課時多回答問題可以加分，隨機點名，總而言之去約多次分數越高，基本上不會當人，期末需要做一份個人報告喔 電子檔繳交就可以了 我個人認為老師上課蠻有趣的 但是他會要求要回答問題 如果不太喜歡思考的人可能會有點排斥這個課
請生成生理心理學課程的正面心得並限制在121字內,生理心理學,正面,121,這堂課蠻涼的(如果組員找得好的話哈哈)，我覺得在分部上課教室超級難找的！ 然後點名用zuvio點，zuvio是用定位偵測的所以一定要到學校！ (但之前也有別人給我帳號密碼，請我用手機登入他的帳號幫忙點名) 課程蠻多偏生物方面的，老師上課有趣！
請生成休閒與生活課程的正面心得並限制在80字內,休閒與生活,正面,80,蠻涼的一堂課，跟課程名稱一樣，很休閒，連報告都很簡單！而且只要有交作業基本上分數是很不錯的，建議需要涼又甜的通識課的同學去修習，但須要出去參觀兩次，有點無聊又遠
請生成全球化與社會關懷課程的負面心得並限制在90字內,全球化與社會關懷,負面,90,我的期末分數是89，其中一篇論文+期末上台報告沒有特別發言(發言有加分)，交報告就不用考期末考。涼又甜倒是真的，前提是不排斥英語。但其實哲學通識還有其他更好的課可以選，不一定要選這堂
請生成地球從誕生到演化 課程的正面心得並限制在65字內,地球從誕生到演化 ,正面,65,內容有點像高中地科和生物，小考、期末考難，最後分數大多八十幾。只不過對於地科有興趣的，如果私下和老師聊天，倒是可以獲得蠻多的喔~~
請生成地震防災概論課程的正面心得並限制在87字內,地震防災概論,正面,87,超涼的一堂通識課，授權碼真的是搶爆了，第一堂課搶授權碼的人都比真正選到的人多，期中期末老師都會給考古題，不需要花太多時間自己唸書，而且基本上只要期中期末考好就能得到不錯的成績
請生成地震防災概論課程的正面心得並限制在83字內,地震防災概論,正面,83,基本上這堂課感覺跟高中地科蠻像的，可能有再額外多延伸一些內容，我都把上課當成聽故事比較有趣一點！ 考試只要上網找一下應該就會有之前的考古題了，都是一樣的內容，背多分～
請生成多元視野的道德判斷課程的正面心得並限制在69字內,多元視野的道德判斷,正面,69,我很喜歡道德判斷那門課，算是認識議題的好課。老師人很好，基本上對於議題也都保持中立立場。不過有點久之前修的了，她好幾年沒開了，細節有點忘了
請生成宇宙中的生命與太空環境課程的正面心得並限制在99字內,宇宙中的生命與太空環境,正面,99,老師是日本人，說話會有點腔調，上課內容有趣，是平常學不到的東西，可以獲得很多宇宙相關的知識。期末考是線上考試，雖然有限時，但基本上都可以在時間內找到正確的答案。不是在本校上課所以通勤會比較麻煩一點。
請生成有氧舞蹈課程的正面心得並限制在104字內,有氧舞蹈,正面,104,老師人真的非常非常好，也很溫柔，很會體諒關心學生，上課起來也很輕鬆，我覺得在百忙的課業中，有一堂這樣的體育課很療癒，而且也沒有考試，只有簡單的作業很容易完成，期末再寫個心得就好，真的是一堂很舒服的課。
請生成有機化學課程的正面心得並限制在95字內,有機化學,正面,95,分數的部分，我自己期中跟第一次小考90幾，第三次小考70幾分，期末考不知道，最後拿A+。個人覺得是一堂難度不算太高，但還是要花時間去準備的課程。
請生成有機化學實驗（二）課程的正面心得並限制在89字內,有機化學實驗（二）,正面,89,有機實驗再系上選修課後面，每次都覺得超累，有時候還要做到7.多，超痛苦的，但是其實蠻喜歡有機實驗，超期待產率，因為總是會超乎意料的高或是低，一個人一組真的超級緊張，很怕自己會做錯
請生成羽球(上)課程的正面心得並限制在95字內,羽球(上),正面,95,這堂課也是校園內少數能使用體育館的體育課程之一，很多女生會選擇上這門課程偏香哈哈！雖然老師非常多話，熱身也很久但老師真的很強也很認真教學，雖然有些人會被他訓話到很不開心就是了，建議少惹老師。
請生成肌力與體能訓練課程的正面心得並限制在85字內,肌力與體能訓練,正面,85,老師是體育與運動科學系博士班的大學長，這門似乎是這位老師第一次開在大學部的普通體育，老師人很好，給分甜，有任何相關問題都可以請教。這門課對想要運動的人來說甜又有料，很建議來修！
請生成色彩學課程的正面心得並限制在119字內,色彩學,正面,119,老師人很好，上課輕鬆會跟你聊天，給分也算蠻甜的，因為我自己不算是很會畫畫的人，但還是得到了很不錯的分數！上課的內容也很有趣，是平常不太會接觸到的東西，期中報告要把兩個品牌做結合後製作出實際的產品，所以會安排一次校外的課程到信義區蒐集素材。
請生成亞裔美國文學與電影的藝術形式課程的正面心得並限制在150字內,亞裔美國文學與電影的藝術形式,正面,150,學不學得到東西看個人，我自己是覺得學不太到東西，但真的很涼，給分也甜，想通識拿高分並且不想要太有負擔的人，可以試試。期中報告佔70%分數，至少要寫兩面word。口頭報告佔15%分數，錄音檔至少要五分鐘。其他分數15%，包含點名分、發言分、moodle討論區。基本上期中報告好好寫分數應該都能挺不錯的。
請生成初級臺灣客語課程的正面心得並限制在92字內,初級臺灣客語,正面,92,前半學期以課本內容與客家學習相關網頁為主，雖然班上同學幾乎都會講客語，但其實老師對沒有基礎的學生也很包容，都會跟學生聊天，如果有感冒請假老師還會關心學生身體狀況，總之整體氛圍非常輕鬆！
請生成初級韓文（一）課程的正面心得並限制在206字內,初級韓文（一）,正面,206,老師講解文法都蠻清楚的！人也很好，怕大家課業太忙，所以通常出寫作作業的時候，繳交時間是兩個禮拜，但是通常大家都還是一個禮拜就交作業了！ 作業有聽力作業跟寫作作業，寫作作業是一課一篇短短的，老師上課也會說怎麼寫，所以不會很難。 聽力作業通常期中之前都是聽課本後面的錄音檔寫完之後訂正，期中之後是改成講稿錄音。 上課到教室後老師會發簽到紙讓大家簽名，開始上課後老師會先講解說明，之後會請大家跟旁邊的同學一起練習對話。
請生成初級韓文（二）課程的正面心得並限制在184字內,初級韓文（二）,正面,184,初級韓文一也是上金家絃老師的課，老師講解文法都蠻清楚的！ 而且老師人很好，怕大家課業太忙，所以通常出寫作作業的時候，繳交時間是兩個禮拜，但是通常大家都還是一個禮拜就交作業了！ 作業有聽力作業跟寫作作業，寫作作業是一課一篇短短的，老師上課也會說怎麼寫所以不會很難。 上課到教室後老師會發簽到紙讓大家簽名，開始上課後老師會先講解說明，之後會請大家跟旁邊的同學一起練習對話。
請生成奈米科技課程的正面心得並限制在109字內,奈米科技,正面,109,老師人感覺人很開明很讚！上課輕鬆！ 點名都是用ZUVIO點的，要加入課程然後每次做簽到。 實驗學習單寫了3-4次，心得2-3次，小組報告一次。 第一堂課就只有說明課綱的內容，印象中當時好像還有放假一週，老師還請大家鼓掌
請生成物理化學－量子化學課程的正面心得並限制在97字內,物理化學－量子化學,正面,97,老師教得很仔細，推導過程寫的也很詳細，不懂的地方去問老師也都很有耐心解答。老師十分注重交作業，有交基本上就基本不會被當，考試有刷考古題跟把作業看熟基本上也有80分，建議些這堂課，為大三物化打基礎
請生成物理化學－熱力學課程的正面心得並限制在119字內,物理化學－熱力學,正面,119,熱力學的基礎知識 剛開始會教到波茲曼分佈然後用在氣體 但這個屬於動力學的範疇或說是統計熱力學的範疇，所以第一次考試會有一點困難，但老師最終還是會調分，我2次期中180多 期末隨便唸可能60、70吧 最後A+應該有調分 發考卷不能遲到會扣分
請生成物理實習(下)課程的正面心得並限制在121字內,物理實習(下),正面,121,此課程承接物理實習（上）的內容，下學期實驗會做到力學實驗、聲學實驗和流體力學實驗等等，部分實驗內容在高中便有學習過只是到了大學可以讓我們親自動手做而非單純看老師示範，這門課雖然有三節，但因為老師會拆成兩班來上課，故課程時間大約一小時就能下課。
請生成物理實習(下)課程的正面心得並限制在89字內,物理實習(下),正面,89,此課程承接物理實習（上）的內容，下學期實驗會做到力學實驗、聲學實驗、熱力學實驗和流體力學實驗等等，部分實驗內容在高中便有學習過只是到了大學可以讓我們親自動手做而非單純看老師示範。
請生成直排輪課程的正面心得並限制在56字內,直排輪,正面,56,我有上過，還滿好玩的，因為上的人不多，所以老師都能一對一指導，可以學到很多:D 還會戶外教學去路溜和小巨蛋溜冰喔
請生成社會學課程的正面心得並限制在91字內,社會學,正面,91,這堂課程的分數與學習很大一部分源自於助教，剛好遇到非常棒的助教能循循善誘，讓我們能好好思考社會學的意義。也非常喜歡李令儀老師非常接納包容各種不同聲音的教學方式，很願意和我們討論想法。
請生成近代臺灣歷史與人物課程的正面心得並限制在120字內,近代臺灣歷史與人物,正面,120,老師本人真的是溫柔嫻淑，課程內容有點像高中歷史課限定範圍內（畢竟叫做近代台灣歷史與人物）去做加深加廣，當作聽故事也很不錯，以核心通識來說我覺得作業量不會大（但可能有些人覺得太多），不過！！！考試是全申論簡述，好難，只能盡力寫看能拿幾分哈哈。
請生成非營利組織管理課程的正面心得並限制在149字內,非營利組織管理,正面,149,我認為這門課最厲害的地方在於邀請到了非常多的非營利組織工作者來到課堂上與大家分享經驗，而老師也介紹了非常多的非營利理論與案例讓我們可以去思考所學之運用，最後是老師有邀請自律聯盟來參與我們整學期的課程，我們的報告也都有經過他們的專業指導與建議，我認為能如此頻繁的與實際工作者接觸是相當難得且美好的經驗
請生成客家社會探究課程的正面心得並限制在99字內,客家社會探究,正面,99,主打與客家文化園區合作的【進階服務學習活動】，與小組規劃一小時的服務內容，如：纏花工藝、大風草香皂、手作擂茶等，雖然準備loading可能偏重，但絕對是擁有高CP值的課程！順利完成即可獲得服務證明！
請生成客家社會探究課程的正面心得並限制在50字內,客家社會探究,正面,50,沒有任何考試，另外有個人學習檔案要繳交，裡面大概就是自我介紹、修課動機、各種心得，有點瑣碎但不會困難
請生成柔道初級課程的正面心得並限制在79字內,柔道初級,正面,79, 老師人帥風趣幽默，上課氣氛輕鬆，會按照大家程度調整課程內容，所以未接觸過的不用擔心，老師會細心指導對動作不太熟悉的同學。技術上也是有品質保證，老師是柔道國手
請生成科學不一樣課程的正面心得並限制在50字內,科學不一樣,正面,50,雖然要拍影片，但時長很短，也可以照著YouTube做，蠻簡單的。老師上課活潑有內容，是門很讚的通識。
請生成科學思維課程的正面心得並限制在54字內,科學思維,正面,54,老師人超級無敵好哈哈哈哈哈哈哈，上完課通常會有學習單 然後有填學習單就算有到，沒有學習單的話通常是線上的作業
請生成英文（一）課程的負面心得並限制在108字內,英文（一）,負面,108,和同學們聊過發現這是在大一英文裡算不涼的老師，功課很多，因為我們有個人報告、團體報告、期末考和三篇多益測驗，超過四次請假還會被當。上課用的Reading Explorer 2都是在講動物與自然環境，我覺得超級無聊的。
請生成英文（一）課程的負面心得並限制在191字內,普通物理學實驗,負面,191,助教人很好但是老師雷到爆，每個小組會分配報告主題，就是把實驗結報作成ppt，老師要求一堆，還會點出跟課堂不相關的問題，例如演講者要站哪裡。還有一堆奇怪規定，更改課綱實驗方式，電容充放電的實驗本來可以用arduino，但卻改成用電表跟碼表量測，不要修
請生成英文（一）課程的負面心得並限制在238字內,英文（一）,負面,238,一開始上課時因為第一次上全英文課程會有點不習慣，例如上課聽不懂他在說什麼，但一方面也說服自己這是在練習自己的英文口說能力。到了課程中期會被作業的份量壓得有些喘不過氣來，但因作業分數占比較重，所以也只能咬牙寫完。Eric的上課方式較不同於高中的照本宣科，Eric會根據最近的時事新聞等，在上課一開始在黑板上寫下需要討論的問題，剩下的時間基本上都交給各組討論，一開始我會覺得花費大把時間去討論一件時事是有點浪費時間的事情，但到後半段的時候我逐漸能夠理解並接受Eric的上課模式。 
請生成英文（三）科技英文課程的正面心得並限制在57字內,英文（三）科技英文,正面,57,在這門課程當中你會學習及閱讀最近熱門的及最新的科學知識，並且學會這些新知的英文專門用語。理工的孩子應該會蠻喜歡(？
請生成英語發音（一）課程的負面心得並限制在84字內,英語發音（一）,負面,84,這堂發音課老師一開始都會要求大家靜坐幾分鐘，而這段時間會鎖門，所以盡量不要遲到。雖然我同意在課堂前靜坐讓大家靜心學習，但是讓一些可能因為有事在身而遲到的同學來說不太公平吧？
請生成英語會話 (一)課程的正面心得並限制在197字內,英語會話 (一),正面,197,"老師很認真授課，每堂課都上好上滿，能夠學到很多東西。老師在課堂中，有時也會介紹美國跟台灣的文化差異，像是美國文化中，假設A、B兩人走路遇到A的友人C，則A會介紹B、C兩人，讓彼此認識。這個時候會用 I'd like you to meet..., have you met..., this is..., may I introduce...等句型，這些文化差異很有趣，老師補充的內容也很實用。"
請生成英語演講：英語簡報課程的正面心得並限制在82字內,英語演講：英語簡報,正面,82,老師期中會有一個職業訪問，會去真實訪問業界相關人士，並做成海報和大家介紹，透過這個活動，真的對自己未來的職業有更多的想法，而老師上課一直很溫柔，人真的很好，建議大家來修課
請生成英語演講：演說技巧課程的負面心得並限制在98字內,英語演講：演說技巧,負面,98,這堂課我覺得對平常不喜歡上台講話的同學很不友善，因為一學期必須上台演講兩次，一開始老師會請同學上台自我介紹，須講滿規定的時間，不然就要一直站在台上尷尬，但老師會教一些技巧，大部分同學也都能很好完成
請生成英語聽講（一）課程的正面心得並限制在134字內,英語聽講（一）,正面,134,一開始上課覺得老師蠻嚴格，規矩很多，但到最後一堂課幾乎是全班跟老師大和解，很多人因為之後不上了而落淚，也發現她真的是一位很替學生著想的老師，上課雖然有一點累，但算是蠻充實的一堂課，老師上課會搭配影片、歌曲等，讓我們真的無時無刻在練習英文，對聽、說這兩部分有很大的幫助。
請生成計量地理課程的正面心得並限制在89字內,計量地理,正面,89,我覺得在這門課可以吸收到非常多檢定、還有一些統計學的相關知識，同時也會用excel的應用作業，讓我對於課堂上講解的觀念更加清楚，也更加熟悉，整體來講超推這門課，會吸收到很多知識。
請生成重度與多重障礙課程的正面心得並限制在82字內,重度與多重障礙,正面,82,課程主要學習重度與多重障礙學生的種類、特性、教學策略、生活協助、轉銜與協助踏入社會等。 課程作業較多，有文本章節導讀、個案PCP分享報告、Simulation+等。
請生成重量訓練(上)課程的正面心得並限制在91字內,重量訓練(上),正面,91,台科的重訓課訓練場所因器材老舊且場地小以及在地下室等問題，可能會讓學生沒這麼喜歡，但老師人超級好，期末也只要我們拍影片證明我們有保持運動習慣就行，有時候也會不定期放假讓我們自主訓練。
請生成重量訓練初級課程的正面心得並限制在53字內,重量訓練初級,正面,53,我上學期是上他開的課，能學到很多東西，然後老師人也不錯，沒有期中期末考，只有期末報告，不過他還蠻重視出席的
請生成食物製備原理課程的正面心得並限制在87字內,食物製備原理,正面,87,期中期末都會有題庫，把上課內容看熟、補充的筆記要讀過、同學報告時跟著閱讀課本，基本上就都會過了。但如果要拿高一點，就要在簡答題多寫點，寫得越細越好，助教給分方式有點捉摸不定。
請生成食物製備原理課程的正面心得並限制在87字內,食物製備原理,正面,87,這堂課跟食物製備實驗室連在一起的，先上原理再上實驗，雖然這兩堂加起來是2學分但實際上需要用到4堂課的時間，是一堂鰻類的課程，但是可以學到很多食物的特性還有食物製備相關的知識。
請生成食物製備實驗課程的負面心得並限制在100字內,食物製備實驗,負面,100,上課前打聽到期末有術科考試就超怕，因為本人算是下廚小白，只會煮白飯跟燒開水，還有泡麵加燙青菜加蛋。但其實平常照著食譜做就還行。唯一的重點是組員真的要慎選，選到那種不負責任又不會做事的組員真的會讓人很生氣。
請生成食物製備實驗課程的正面心得並限制在227字內,食物製備實驗,正面,227,這堂課跟食物製備原理是連在一起的，先上原理再上實驗，雖然這兩堂加起來是2學分，但實際上需要用到4堂課的時間，是一堂蠻累的課程，但是可以學到很多食物的特性還有食物製備相關的知識。煮菜的一些料理知識也可以用在未來的生活當中，上完課也可以去考丙級廚師證照。老師人也很好很有趣，偶爾會講台語，每堂課煮完菜之外都要交實驗報告，拍照紀錄今天煮的菜並且寫心得繳交。然後因為這堂課需要進廚房煮菜，所以女生是不能做指甲的！！總之，是一堂蠻累但是真的可以學到東西的實用課程！
請生成食物學課程的負面心得並限制在124字內,工程圖學,負面,124,學到了怎麼寫工程字還有畫工程圖，但不知道老翁在刁難什麼，以後都用電腦畫了誰還要用紙筆的。然後建議認真學autocad，對未來很有幫助，是助教上課，有不懂都可以問他，人很好
請生成個人投資理財課程的負面心得並限制在90字內,中級會計學(一),負面,90,真的需要有一定的初會、財管基礎，當初沒有先修財管就上中會，超雄會問有沒有沒修過的學生，但也只是叫你自己加油，雖然學的起來，但自己從財管的觀念學起真的很費力，更何況超雄的上課步調非常快，他會默認這邊應該要會要懂，非常迅速的帶過去，常常上完課，卻什麼都沒學進去，必須課外花大量時間自己學習，不是很建議中會修超雄的，不過對外系會放水壓線過，財金系自己修要注意一下
請生成哲學入門課程的正面心得並限制在92字內,哲學入門,正面,92,超涼，沒去上課過但還是過了！沒啥作業，就算在台下睡覺老師也不大管，我幾乎沒怎去上課。作業的話，幾乎也就只是要寫寫一些自主學習心得(當然我也聽說一些人說真心想上課的人來是可以學到蠻多的？
請生成旅行文學課程的正面心得並限制在78字內,全民國防教育軍事訓練（二）,正面,78,因為這是必修課所以沒辦法不選，但是修這堂課也能學到可以應用在生活裡的知識，像是包紮的方法、災害防救的知識等等，教官還會安排一週的課程進行打靶練習、AED使用、防身術教學的體驗課程，還蠻有趣的。
請生成烏克麗麗課程的正面心得並限制在81字內,烏克麗麗,正面,81,這個樂器我知道但我從未去彈奏過，所以在剛上這堂課的時候我感到滿緊張，很怕自己無法彈奏得很好；但老師教得很慢也教得很仔細。整堂課上完後，我對於這項樂器也逐漸地了解。
請生成財經英文與翻譯課程的正面心得並限制在84字內,財經英文與翻譯,正面,84,老師人超好的，若請假還會幫你錄音讓你回家聽，上課很輕鬆，老師也會建議很多相關的網站讓你自己學習，上課還會玩大富翁，真的整堂課就和組員玩，然後最後會稍微講心得，蠻好玩的課
請生成高行健的文學與藝術課程的正面心得並限制在92字內,高行健的文學與藝術,正面,92,這個跨領域課程的結合很猛，而且師資很屌~老師都是有名的作家，而且課上還會有講師來分享，可以多多與講師交流，講師會樂於分享他們的藝術結合寫作的經驗！！一定要來修這堂課，不修一生會後悔！！
請生成高級統計學(乙)課程的正面心得並限制在67字內,高級統計學(乙),正面,67,老師人超好，有時候會點名（但現在因為疫情關係應該都會點名XDDD）只不過還是去一下拉，老師教得蠻認真的。也可以跟老師多聊聊，會學到很多
請生成健康與生活課程的正面心得並限制在127字內,健康與生活,正面,127,要買課本，因為考試內容就是老師上課畫線部分出考題，老師講課其實效用不大，因為老師也是照著課本上面的字讀而已，其他時間都在說自己之前當護士發生的事，或是病例上發生的原因等等，所以蠻無聊的很多同學滑手機，不推，要學習的話要自己讀，會發現很多要注意的健康知識。
請生成商業攝影課程的正面心得並限制在101字內,商業攝影,正面,101,上學期的基礎攝影主要學習的是人像的拍攝，而下學期的商業攝影學的是產品的拍攝，如何去打讓產品有立體度的光影、不同商品材質的打光方式應變，老師都會實際示範讓我們學習，還有帶一些已經看不太到的拍攝用具給我們看
請生成國文(二)課程的正面心得並限制在76字內,國文(二),正面,76,老師上課很認真準備很多，這學期我記得是上批判思考什麼的，評分不會太雷（有認真分數不會太糟），幾乎每堂都會有作業，上學期沒有期中期末考，是用分組報告打分數
請生成國際禮儀課程的正面心得並限制在117字內,國際禮儀,正面,117,我覺得這堂課是個十分有用的一堂課，因為現在出國很便利，但對於各個國家的禮儀我們卻又不是那麼的清楚。透過這一堂課，老師會跟我們介紹比較常見的國家的特殊禮儀，且是每個方面都會講到，並不是只著墨於食或衣而已。這對於我來說是個十分實用的課程。
請生成國學概論課程的正面心得並限制在82字內,國學概論,正面,82,老師上課還蠻輕鬆的，作業和平常考幾乎是不會有!!作業偶爾叫你到圖書館翻翻書作記而已哈哈(真的只是翻翻)。他是用課本講述，然後不定時moodle會放講義，要自己去影印
請生成基本設計課程的負面心得並限制在98字內,機械材料,負面,98,這堂課會讓人覺得很無聊，很多化學結構和無聊的專有名詞，還有我真的不知道教授在教什麼，往往一堂課就在他的廢話中過去，然後他就一句：好期中考範圍教完了，就這樣帶過，實在是沒有辦法學到什麼實質性的知識。
請生成專利法課程的負面心得並限制在235字內,專利法,負面,235,老師上課時曾經說過如果有照規定按時繳交心得，原則上都會給滿分，最後並沒有公布確切分數，但以確定的期中和期末分數去計算可以得知並沒有給滿分，寄信給助教得到「大家都是90-95分，成績最終決定權在老師，無法給予精確答案。」的回覆，個人認為身為教師，甚至是課程有錄影的情況下，老師應該要為自己做出的承諾負責，遑論身為法律學院的老師，教授民商法卻不遵守信賴保護原則，並無誠信可言，讓許多同學看到成績時都很錯愕，不知如何是好，令人感到遺憾。
請生成專家文課程的正面心得並限制在105字內,專家文,正面,105,如果對韓愈有興趣的同學不要錯過這門課，老師充實的課程內容一定會讓同學學到許多~老師會在課堂請大家練習模仿專家的文體進行寫作，就算是寫得不好，老師也不會太刻意刁難，所以就算是外系也不用太過度擔心跟不上國文系的同學
請生成從經典故事談學術研究倫理課程的正面心得並限制在111字內,從經典故事談學術研究倫理,正面,111,修璿安教授的這門課可以說是非常值得，因為很好拿分，給分也好甜，除了不定時點名之外，其實也蠻涼的！而且真的可以學到東西，老師人也很好，報告的時候也會補充很多東西，不會刻意刁難，很喜歡璿安教授的教法，整體來說真的非常建議修這門課！
請生成排球（二）課程的正面心得並限制在111字內,排球（二）,正面,111,學到了許多排球的基本技術，在每一節上課都是很快樂的，雖然過程中遇到一些困難，但協助的球員們都很熱心的指導並給予鼓勵。排球這項運動是團隊性質，可以學習到如何與隊友互相幫忙，讓比賽場上可以更好的贏球。這是我很喜歡上排球課的原因
請生成排球(上)課程的正面心得並限制在85字內,排球(上),正面,85,此門課程是台科大校園內難能可貴能見到女生人數蠻高的體育課程，會先學習排球接發球動作等等，到了後期的課程則會多加入實力分組對抗賽，老師會按照實力分配所以都打的起來蠻好玩的。
請生成排球(下)課程的正面心得並限制在80字內,排球(下),正面,80,承接排球（上）所學，學期開始前會先複習上學期所學，如排球接發球動作等等，到了下學期的課程則會多加入實力分組對抗賽，老師會按照實力分配所以都打的起來真的蠻好玩的。
請生成排球中級課程的正面心得並限制在119字內,排球中級,正面,119,基本上上課蠻涼的，前面會先練習，後面就開放打play！ 有時候老師會出作業，是上課前面練習的動作，練習後要拍成影片上傳到臉書社團並寫下心得，老師應該都叫這個學習歷程檔案。 第一堂課基本上老師都會給授權碼，要加入臉書社團寫下想要加選的理由。
請生成排球初級課程的正面心得並限制在92字內,排球初級,正面,92,以恆人超級好的！ 每次上課一開始就是大家提早到的人先幫忙架網子，架好之後點名。 之後會大家一起暖身，然後練習每堂課要教的東西，教完之後就是打play~~~ 作業有拍影片跟寫心得的作業。
請生成教育心理學課程的正面心得並限制在86字內,教育心理學,正面,86,老師的教育愛很感動人，上課的時候常常分享她遇到的經驗，每次都覺得很受用，也會刺激我們思考一些教育現場遇到的問題，用心理學的角度去看，並給我們一些建議如何去解決，受益良多!!
請生成教育哲學課程的正面心得並限制在83字內,教育哲學,正面,83,我覺得這堂課老師人蠻好的，但期中期末都必須寫3000字的心得，真的非常多，而在這堂課上，能學到很多，老師非常的認真，如果只是想混拿學分，那最好不要選這堂課，負擔會很重
請生成教育統計學 (一)課程的正面心得並限制在113字內,教育統計學 (一),正面,113,這堂課為全英授課，課程內容基本上會涵蓋許多與統計學相關的簡單概念、基礎，以及檢定方法。由於是主要開給心輔系的學生，所以內容來說基本上都是以運用在心理學（或教育）實驗之統計方法為主。例如z檢定、t檢定、ANOVA或卡方檢定等等。
請生成液晶導論課程的正面心得並限制在156字內,液晶導論,正面,156,老師有投影片，會把投影片印給大家。投影片寫的真是好，幾乎是自修都會懂 ，裡面該有的圖形解釋說明等等全部都有。而且編得景然有序，非常有條理。 題目都是「please explain ○○○ with digram...」等等之類的題目，就 考題和作業一模一樣，只是考試的題目會多一點，不會超出講義的範圍。有 有分。
請生成現代舞課程的正面心得並限制在102字內,現代舞,正面,102,要有不能翹課的準備喔XD(可以請假啦 但是要寫報告 而且也別請太多次假 扣分有點重)報告不會很難寫，只要問有上課同學上課內容就好，大概寫個4.5百字左右。字數不是重點 老師只是希望你別錯過任何一堂課的內容
請生成現代戲劇課程的正面心得並限制在80字內,現代戲劇,正面,80,陳芳教授為東西方戲劇專家，師事戲曲大師曾永義。無論是西方戲劇，或是東方戲曲，皆為老師專精之研究。除研究外，老師本身亦從事劇本創作，在跨域劇場上有相當傑出的成就。
請生成組合語言課程的負面心得並限制在117字內,組合語言,負面,117,上課真的有點聽不下去，但是老師感覺人滿好的，作業打得不會很嚴，但主要我都是自學，所以剛開始學的時候真的蠻辛苦的，但後來學起來以後就比較好了，只是我是從期中前幾天才開始學所以期中考的沒有很好，期末就稍微好一點了，總體來說這堂課不是很輕鬆
請生成統計學課程的正面心得並限制在88字內,統計學,正面,88,本課完全不會和其他同學互動，只要把老師的作業與考古題讀懂弄熟就好。老師是一個看起來70幾歲的阿公，但說話讓人有點想睡覺。對於本文科生來說都能拿到Ａ＋了，相信這門統計學是偏涼的。
請生成設計概論與職業倫理課程的正面心得並限制在95字內,設計概論與職業倫理,正面,95,學到了一些作為設計師的一些基本企業倫理，還有一個產品設計生成進行等體驗，對於還沒學過設計來書的小大一，會蠻有方向的一部部領導。老師會要求我們要去看一些展覽，可以順便培養自己對產品的觀察能力。
請生成軟體工程課程的正面心得並限制在98字內,軟體工程,正面,98,"我覺得這堂分數給的都挺高的，就是比較花時間吧。課上會模擬軟體工程師工作，會把全班分成三大組，整個小組15,6人合力完成一項專案，有次好像還是幫外系教授處理系統問題吧！課是蠻硬的，但是可以學到蠻多的"
請生成軟體專案管理課程的正面心得並限制在89字內,軟體專案管理,正面,89,軟體專案管理的流程細節都可以很清楚的學習到，另外會混合一些軟體工程的概念，整體的課綱蠻新穎的，也會提到政府標案的規格書籍企劃書合一些投標的細節，也會請業師來說一些企業的管理實務。
請生成普通化學丙課程的正面心得並限制在141字內,普通化學丙,正面,141,老師教得超級清楚 幾乎都是從基礎開始慢慢解釋 是我這一年遇過最好的老師 也很願意課後解答大家的問題 cool上面有放疫情期間的教學影片 有不清楚的地方都可以重看 我沒買課本也沒看課本 基本上抄板書、練習助教提供的題目（來源也是課本）就很足夠了。
請生成普通化學丙課程的正面心得並限制在83字內,普通化學丙,正面,83,我覺得老師蠻有趣的，印象最深刻的是他的女兒以愛因斯坦來命名。上課方式頗為輕鬆，考試基本上就是考古題一樣，比較需要注意一下的大概就是期末考可能會有一部分是期中考的範圍。
請生成普通化學甲（一）課程的正面心得並限制在91字內,普通化學甲（一）,正面,91,前期教的都是高中化學，只是變成英文版，不會很難。但期中考很難，記得滿分120全班60幾個人只有12個及格(慘)。後面會教高中沒教的東西，亂度之類的，但期末考很多都是講義題目不會很難。
請生成普通化學甲（一）課程的正面心得並限制在117字內,普通化學甲（一）,正面,117,考試不難，都是高中學過的東西，只是從中文轉成全英文，會有點不習慣，個人覺得最難的是單字填空，期末因為疫情改成線上考申論題，需要自己去找論文文獻回答問題，有點麻煩，且不太確定評分標準。上課可以真正學到的內容偏少，需要自己多花時間閱讀課本
請生成普通化學實驗（一）課程的正面心得並限制在130字內,普通化學實驗（一）,正面,130,學到最基本的實驗方法，像是TLC跑片、流column、滴定。 在實驗卡關的時候重新思考，如何用各種方法得到數據(比如說熱變色固體不變色，那就繼續降溫、泡冰浴，即使講義上沒寫)。 還有保護自己的方式：拉下hood的玻璃、戴麻布手套或nitrile gloves。
請生成普通化學實驗（一）課程的正面心得並限制在82字內,普通化學實驗（一）,正面,82,上大學的第一個實驗課，跟高中很不一樣，而且還要分組報告講解實驗的部分，很有挑戰，因為很多地方不熟悉跟沒有注意到，助教還是會提醒我們哪裡要注意，是學習實驗技巧的好課。
請生成普通化學實驗（一）課程的負面心得並限制在101字內,普通化學實驗（一）,負面,101,真的是用生命在寫結報預報...而且Sophia的評分方式有點模糊，所以寫得很努力也不一定拿得到高分。做實驗的速度也會影響到成績，所以組員很重要。Sophia規定不能男男一組，跟男生組隊可以先選要哪一組。
請生成普通化學實驗（二）課程的正面心得並限制在90字內,普通化學實驗（二）,正面,90,經歷一學期的學習，這學期在操作實驗上比較上手，但同樣的要學習的東西比上學期更難一點點，但老師一樣有耐心的指導，只是一樣要分組上台報告有一點壓力，雖然實驗很累但還是可以學到很多東西。
請生成普通物理課程的正面心得並限制在91字內,普通物理,正面,91,我覺得我在這堂課學到了很多的物理概念，加上老師都會利用影片來加深我們對物理觀念的印象，並且老師其實講的不錯，但其實我很常沒去上課，而且其實老師也不會點名什麼的，考試也是給範圍呆題目。
請生成普通物理乙課程的負面 心得並限制在52字內,應用生物化學,負面 ,52,這堂課程我覺得真的學不到什麼東西，老師都用投影片上課，然後非常的平鋪直敘，很容易睡著，不建議修這門課，老師會要求被20個胺基酸結果還是一樣沒考，但這堂課考試也不知道老師要怎麼出，所以修得很痛苦。
請生成普通物理乙（一）課程的負面心得並限制在204字內,普通物理乙（一）,負面,204,1.老師上課大部分的時間還算認真。有盡力要解釋每一個物理觀念，且希望每一位同學都能搞懂。 但是後半段(力矩、角動量章節)，老師上課會覺得數學內容太複雜而跳過，造成亂跳PPT的情況，且學生不容易吸收。 2.老師上課很常會補充一些物理相關的內容(老師的學術族譜、美國國家高磁實驗室、影響世界的方程式)或純聊天，但我覺得老師都在水時間，十分地無聊。 3.老師在期中考、期末考前一週會幫大家再複習一次考試範圍的觀念。
請生成普通物理乙（一）課程的正面心得並限制在103字內,普通物理乙（一）,正面,103,雖然老師上課聊天的比重真的有點太高，但有時候確實可以聽到一些有意思的內容。比如老師會介紹他在國家高慈實驗室工作的心得，實驗室的貴儀原理之類的。老師也會鼓勵我們多去體驗生活，跟我們說去台積電不一定快樂之類的。
請生成普通物理乙（一）課程的正面心得並限制在85字內,普通物理乙（一）,正面,85,老師上課非常認真，每次上課都上好上滿，也會自己設鬧鐘，不會耽誤同學的下課時間，有問題也可以隨時提問，老師都會很有耐心回答，期中期末考有刷考古就可以有基本分，老師不會太刁難
請生成普通物理實驗（一）課程的正面心得並限制在86字內,普通物理實驗（一）,正面,86,1. 因為助教對報告非常要求，所以在巨大壓力之下，學到怎麼寫物理實驗報告；以及如何短時間生出報告的工作心法。 2. 整個學期玩了各種物理實驗，還有用液態氮來冷卻東西，好玩。
請生成程式設計(一)課程的正面心得並限制在74字內,程式設計(一),正面,74,程式設計的期中期末考最少可以拿五分，因為一定會有一題加分題，只要寫出任何想對老師說的話即可，亂敲鍵盤也行。老師會在考後的第一堂課挑出一些問題來回應。
請生成虛擬實境設計課程的正面心得並限制在95字內,虛擬實境設計,正面,95,以Unity3D為主要工具進行學習，老師上課很認真，步驟都會一個一個仔細的教，教到一個段落也會走下去看同學有沒有問題。 然後每次課堂結束後都會有不同的練習作業，要上傳到老師指定的雲端資料夾。
請生成進階日文課程的正面心得並限制在50字內,進階日文,正面,50,課程內容其實不難，只有N4程度，不要被課程綱要嚇到。老師上課很有趣、輕鬆，會補充日常用語、流行用語。
請生成飲食文化與食育課程的正面心得並限制在100字內,飲食文化與食育,正面,100,印象中第一次上課就要分組了，組員要自己尋找！ 時間有點久遠所以我其實有一點忘記詳細的上課內容了，主要應該是飲食記錄兩份還有期末報告。 看我的分數還不錯，所以應該是只要有乖乖上課交作業就可以拿高分的課！
請生成微積分1課程的負面心得並限制在95字內,微積分1,負面,95,有期考、小考、作業、webwork 基本上可以自學 有高中程度的話不難 大教室上課的上課品質本身就不好 我也不是很能了解老師在講什麼 教學上和很多同學頻率對不上 所以我和我的同學都不太去上課
請生成微積分2課程的正面心得並限制在165字內,微積分2,正面,165,這是一門半學期的課程，主要介紹單變數函數的積分運算和其豐富的應用。內容涵蓋積分的定義，微積分基本定理，積分技巧，求面積體積，和初步的微分方程等。課堂上將講解定義並推導重要定理，以培養學生邏輯推理與分析能力；同時會示範微積分在經濟學的應用，幫助學生將微積分與其專業科目結合。本課程還設有習題課，學生將在助教的帶領下熟練微積分的計算。
請生成微積分3課程的正面心得並限制在90字內,微積分3,正面,90,完本課程學生能熟悉微積分工具，並期望能應用在各學科。這次的課程我又比以往更努力一點點，結果發現微3好像比前面的課程簡單一點，最後想感謝雅如的聲音真的很溫柔好聽，讓人不會太不想上課!
請生成微積分乙課程的正面心得並限制在94字內,微積分乙,正面,94,身邊不少人都高分修過，重點是平常要念書，一定OK的！基本上老師上課好好聽，課後好好複習，基本上要被當掉真的很難。就算被當掉，期末老師還是會給補救機會！微積分老師人都很好，一定要來修！！！！
請生成微積分乙課程的正面心得並限制在60字內,微積分乙,正面,60,身邊不少人都高分修過，重點是平常要念書，一定OK的！我有蠻多同學期中期末雖然都考得不太理想，但最後都有B-以上，以上供參
請生成微積分乙課程的正面心得並限制在63字內,微積分乙,正面,63,微積分可以給他教是你的福氣，非常好的一個老師。我在學的時候，拿一本空白筆記本抄他所有的板書，基本上考前看那個就好，保證輕鬆過~
請生成微積分乙（一）課程的正面心得並限制在87字內,微積分乙（一）,正面,87,1. 學到怎麼用工具的角度學習微積分、解題。 2. 老師的證明都很清楚，聽起來完全不難懂；只是需要時間消化。 3. 和一群修課同學成為微積分的好戰友，互相討教，變得越來越強。
請生成微積分乙（二）課程的正面心得並限制在86字內,微積分乙（二）,正面,86,老師上課有點催眠，但跟不上的話其實自己讀課本也可以，回家都有作業，不會的題目助教會幫忙，可以不用擔心，但是考試前要刷考古題，教授會給，考試就不用太擔心了，但還是要認真念書。
請生成新音樂合奏 (一)課程的正面心得並限制在70字內,新音樂合奏 (一),正面,70,能給金老師教到真的是很幸福！趕快選！如果擔心對音樂好像沒什麼基礎也沒關西，老師會在上課第一堂做問卷調查。對音樂小白蠻友善ㄉ，可以放心來修～～
請生成會計學課程的正面心得並限制在94字內, 歷史與文化（二）,正面,94,上課內容基本上不難，老師有時候會放影片補充內容，影片要記得認真看，會出現在期中期末的考題，只要認真聽講期中期末一定會過，還有記得交報告，報告分數也占蠻重的，大致上還算輕鬆的一堂課。
請生成會計學原理上課程的正面心得並限制在86字內,會計學原理上,正面,86,會學到基本的會計專業知識，介紹會計過程的基本概念、原則、程序及方法，剛開始進入會計專業會有許多不懂的地方，不過只要認真上課，不懂的就問老師，是可以很好的掌握這門課的知識的。
請生成經濟學課程的負面心得並限制在109字內,應用生物化學,負面,109,這堂課程我覺得真的學不到什麼東西，老師都用投影片上課，然後非常的平鋪直敘，很容易睡著，不建議修這門課，老師會要求被20個胺基酸結果還是一樣沒考，但這堂課考試也不知道老師要怎麼出，所以修得很痛苦。
請生成經濟學課程的負面心得並限制在82字內,經濟學,負面,82,這堂經濟學上課蠻無聊的，老師基本上就是課本照唸，而期中期末考之前會給例題，這個多做幾次就能拿高分，而我上的時候剛好老師上病，因此中間停課幾個禮拜，因此上的部分比較少
請生成試算表進階應用與程式設計課程的正面心得並限制在98字內,試算表進階應用與程式設計,正面,98,我覺得大家都可以來修這堂課！這應該是我在大學少數幾的覺得很實用的課了，老師上課認真，也會運用一些實例帶我們練習如何運用公式等等的。考試會上機考，老師教過的都要花一點時間練習，不然可能會覺得蠻難的。
請生成運算思維與程式設計課程的正面心得並限制在63字內,運算思維與程式設計,正面,63,老師上課講解得很清楚，也會給我們時間自己練習解題，如果有不懂的都可以直接問助教或老師！真心建議想學程式或是想拿學分的來修這堂！
請生成電子電路課程的正面心得並限制在140字內,電子電路,正面,140,基本上丁老師的課程應該都蠻輕鬆的，很大一部分的時間可能是助教在上課、或是叫我們自己動手實作、請我們上台報告、請校外人士演講⋯等。 蔗糖主要是在教ARDUINO電子電路，有時候會讓同學回答問題，可以加分，因為老師主張Learning By teaching(教中學)的模式進行授課。
請生成電子學課程的正面心得並限制在92字內,電子學,正面,92,這堂課不點名，老師人很好，期中期末考都是出練習題的範圍，全部練習題寫過一遍至少會有60分。上課內容比較難是在講半導體原理的東西，以前高中這個部分提到比較少，所以要好好學不然可能會被當。
請生成電腦動畫課程的正面心得並限制在90字內,電腦動畫,正面,90,上課使用的軟體是3DMAX，老師上課很認真，步驟都會一個一個仔細的教，交到一個段落也會走下看同學有沒有問題。 然後每次課堂結束後都會有不同的練習作業，要上船到老師指定的雲端資料夾。
請生成電腦影像處理課程的正面心得並限制在108字內,電腦影像處理,正面,108,山山是一個很可愛的老師！ 上課主要是在教illustrator以拉的使用方法，每個禮拜不定期會有作業練習，練習完之後要把作品上傳到臉書社團給老師看！ 然後期末作業是運用上課學到的至少3-4種工具，合起來做出一個作品～
請生成漢魏六朝詩課程的正面心得並限制在70字內,漢魏六朝詩,正面,70,老師上課很有趣，會分享許多自身經驗或是故事，老師會自己準備簡報，先介紹漢魏六朝各個時期，再講解漢魏六朝的詩，考試內容幾乎都有教過，不難作答。
請生成管理與電影課程的正面心得並限制在73字內,管理與電影,正面,73,很甜很涼很佛，老師口條很常跳針跟緊張，但人非常的好，逢年過節上課還會送小禮物。而且，如果是對管理學沒有基礎也不需要太緊張，老師會從最入門開始教起！
請生成管理學入門課程的正面心得並限制在88字內,管理學入門,正面,88,這堂課後來因為疫情的關係，所以有一半是線上上課，老師人很好，有時候答對問題還說要請同學星巴克，課堂還會請業界相關人員來和同學分享，真的受益良多，有時候也會搭配小遊戲讓課程不無聊
請生成網頁程式設計入門課程的負面心得並限制在124字內,網頁程式設計入門,負面,124,我是有修過其他程式語言的課，但沒碰過JS所以想來修這堂課！每次作業和期末自認為也蠻認真完成的，但和其他程式課程相比這堂通識給分卻不太甜，和努力程度相比看到成績後蠻失望的，如果是在意GPA的人請自行斟酌是否要修課。
請生成網球初級課程的正面心得並限制在88字內,網球初級,正面,88,之前完全沒接觸過網球，看別人打起來感覺很簡單，但實際操作起來真的頗困難，控球也很難，老師教得很不錯，很仔細，可惜過了一學期還是不太會控球，不過在倆倆互相練習中也認識了很多的同學
請生成臺灣庶民生活史課程的正面心得並限制在121字內,臺灣庶民生活史,正面,121,在這堂課中，我學習到了許多台灣在發展期間所發生的所有文化運動。對於一個大學生來說，如果沒有這堂課的話，我可能不會了解到這麼多有關台灣的歷史，因為對於系上必修課就得花很多時間，所以沒有甚麼時間可以了解到這些文化。也謝謝這堂課讓我更全面了解臺灣。
請生成認知心理學課程的正面心得並限制在107字內,認知心理學,正面,107,我不是本科系的，修這堂課其實有點小小吃力，因為期中以後需要依照上課教過的內容自己規劃一個實驗，自己找受測者來做，之後的分析方法我沒有學過，還好同組有很凱瑞的學長姊，整體來說我覺得學到的東西很多，自己規劃實驗也很有趣
請生成語言分析課程的正面心得並限制在106字內,語言分析,正面,106,老師上課很用心也很可愛，唯一的缺點就是期末的報告真的太多了，要寫差不多10頁，還要設計一些問卷給其他同學回答等⋯，真的很麻煩，負擔也頗重，如果還有其他考試跟報告，真的會做不完，選課之前一定要考量自己其他的狀況再選
請生成語言與文化課程的正面心得並限制在81字內,語言與文化,正面,81,我覺得這是一堂蠻輕鬆的課，老師人很好，給分也超甜，而課堂上會有很多的外籍生，因此是全英語授課，很適合想練英語口說的人，而這堂課也可以了解很多不同的文化，蠻有趣的。
請生成語言學概論（一）課程的正面心得並限制在85字內,語言學概論（一）,正面,85,我覺得這個老師人很好，因為這堂是系上必修，但其他的老師好像比較嚴格，可是也比較難，所以建議選這位老師的課，上課老師也講解得很清楚，只要認真上課並稍微讀點書，成績都不會太差
請生成語料庫入門課程的正面心得並限制在94字內,商業套裝軟體,正面,94,老師在教一些電腦的技術 商業套裝軟體的東西 有時候還會教一些人生的大道理 商業軟體泛指用於處理商業事務的電腦軟體，區分為套裝（Package）、應用（Application）兩類軟體，後者即是商業應用軟體，早年主要由程式設計師針對特定需求開發而成，如銀行用的交易系統便是一例。
請生成輔導原理與實務課程的正面心得並限制在79字內,輔導原理與實務,正面,79,老師的課上課的氣氛很好，學到很多東西，老師超有教育熱忱！課的思緒很清楚，而且也會看大家的反應來判斷需不需要解釋之類的，講課內容滿生動的，是我當時最喜歡的一門課
請生成閩南語概論課程的正面心得並限制在61字內,資訊安全,正面,61,考前會講填充考哪裡，只要全部被下來，分數就能拿滿了。選擇的部份則是只要看過簡報後面的題目就能過了，所以整體成績只要有讀一下就能拿到很高分了。點名則是在上完課後點，所以遲到一下也沒關係。
請生成數位系統課程的正面心得並限制在167字內,數位系統,正面,167,教授是一個很好的教授，上課不懂都可以去問他，會耐心回答，希望同學多互動、多發言，有時候會與同學們聊天或者講年輕往事，課堂不會太枯燥，但是還是會有同學因為椅子太舒服去找周公，算是一門如果缺自由學分想要修電機的課的一個選擇，基本上只要有讀書成績都不錯看，不會到很有負擔，只是有時候會突然小考就是有點嚇到，重點是絕對不可以作弊，教授的堅持。
請生成數位學習方法與策略課程的正面心得並限制在81字內,數位學習方法與策略,正面,81,基本上丁老師的課程應該都蠻輕鬆的，很大一部分的時間可能是助教在上課、或是叫我們自己動手實作、請我們上台報告、請校外人士演講⋯等，有時候會讓同學回答問題，可以加分。
請生成歐盟莫內講座—中國大陸研究學程導論課程的正面心得並限制在154字內,歐盟莫內講座—中國大陸研究學程導論,正面,154,我是112-1修的，但不知道為什麼沒有這個選項。 1. 其實對這個領域沒有太大興趣，上課有時候會睡著，但看得出老師很用心教課、探討相關議題。 2. 不會點名，但建議演講課要到，不然心得不知道怎麼寫。 3. 老師給的期末報告期限很寬鬆，可以有很長的時間去完成，我自己覺得寫得不怎麼樣但最後拿了A，感覺上滿甜的。
請生成諮商技術課程的正面心得並限制在85字內,諮商技術,正面,85,上諮商技術前需要先修過諮商理論，所以來修的同學基本上對於各個學派的諮商觀點有些瞭解，羅老師是馬偕醫院的心理師來臺師大兼課，所以可以從課程裡了解、問到很多實務上的情況與操作
請生成戲劇鑑賞課程的正面心得並限制在106字內,戲劇鑑賞,正面,106,這門課上想學到東西多看劇本也的確是必要的，這樣老師在講解時也比較清楚比較有概念。至少應該把老師學期初開的基本書單看過（如竇娥冤、推銷員之死、馬克白等）。老師教的很豐富，如果有問題問他的話還可以得到許多額外的收穫！
請生成禪與人生課程的正面心得並限制在87字內,禪與人生,正面,87,一共五個作業，上課都要到都會點名，有時候教授會走下來問問題，回答不出來也沒關係，會帶著大家一起打坐，總體而言，如果會翹課的這門課不適合，想要放鬆的可以來上課，作業算不多不少。
請生成總體經濟學課程的正面心得並限制在74字內,總體經濟學,正面,74,老師人很好，但上課內容很硬。評分方式主要是期中期末考，如果班上有 1/3 的人期中考不理想就會啟動補救措施(交報告加分之類的)。考試會有計算以及畫圖
請生成總體經濟學原理與實習課程的正面心得並限制在96字內,總體經濟學原理與實習,正面,96,老師人很好，上課不會到很想睡覺，整體而言認真上課能學到很多，期考題目跟之前的練習題或考古題很類似，所以認真做就能得高分，助教超級讚，看助教影片會更懂在說什麼，去問助教問題助教也講的很清楚，十分建議！
請生成韓國電影與民主化課程的正面心得並限制在121字內,韓國電影與民主化,正面,121,每次上課都會看一部影片，也越了解韓國民主化的過程，每次上完課心情都很沉重，民主化的過程，是充滿戰爭和鮮血的，也不禁讓人反思古今兩岸局勢。非常建議這堂課，可以有段時間去了解韓國民主化背後的艱辛過程，只是評分方式不太透明，若非常在意成績的不建議選
請生成韓語（一）課程的正面心得並限制在92字內,韓語（一）,正面,92,適合比較沒有韓語基礎的同學，老師會從發音開始教起，上課也會帶著大家一起念，要自己找同伴分組練習，考試不難，老師也會說會考那些東西，只是期末的時候要上台自我介紹，可以練練膽量，建議這門課
請生成職場英文課程的負面心得並限制在80字內,職場英文,負面,80,蠻有趣但又有點小麻煩的課，會去其他地方參觀，像故宮，去了解裡面一些職業的工作內容等，但都要花一些時間去，也會超過兩個小時(原本的上課時間)，回來也要寫一些心得。
請生成醫學與人文課程的正面心得並限制在207字內,醫學與人文,正面,207,1.提升學生對於醫學人文的興趣。 2.體驗學習活動多元，可以學習特別的東西。 3.上課地點在醫學院，總區的學生須要衡量一下往返的交通時間，尤其是前後堂有其他課程者。 (中午有免費校車可以從總區搭去醫學院，下課後也有校車能夠搭回總區) 4.期末筆試難易適中，老師不會刁難同學，多數題目只要上課有聽講，就一定寫得出來。 (考試範圍包括各週次上課的內容與課外指定閱讀資料，因此，如果有時間的話，建議指定閱讀還是要看看。)
請生成魏晉史課程的正面心得並限制在78字內,魏晉史,正面,78,春盛是歷史系活佛之一 ，你認真看待分數絕對好看！雖然說他是活佛，但是你只要認真上課鐵定也是可以學到很多！學完以後真ㄉ讓我的一個外系朋友從此以後就愛上歷史了！
請生成籃球(4)課程的正面心得並限制在98字內,籃球(4),正面,98,校園中少數可使用體育館的體育課程之一，同時也擁有一學分而不是必修的體育課程需額外加選。雖然是早八課程，一大早就要爬起床上課，但早上運動完後洗澡真的全身舒暢且更有精神，老師也很有趣會講一些有的沒的。
請生成籃球(上)課程的正面心得並限制在96字內,籃球(上),正面,96,上了許多不同老師的籃球課，個人最喜歡吳老師開的，因為他會隨機分組進行五打五全場（男女混合）還蠻有趣的而且只要有適當理由老師都會直接讓你請假，雖然老師很常遲到害我們不知道到底有沒有要上課就是了。
請生成籃球(上)課程的正面心得並限制在82字內,籃球(上),正面,82,上了許多堂不同老師的籃球課，個人最喜歡吳老師開的，因為他會隨機分組進行五打五全場（男女混合）還蠻有趣的補只是單純練球而已，雖然老師已經離開台科再也上不到這門課程了。
請生成籃球(下)課程的正面心得並限制在104字內,籃球(下),正面,104,下學期的課程內容幾乎和上學期幾乎相同，一開始熱身訓練戰術跑位等等，最終自由時間讓我們可以隨意打球或休息，雖然老師依舊很常遲到害我們不知道到底有沒有要上課就是了，但有了上學期的經驗後我們都會自己先打球等老師來。
請生成籃球(下)課程的正面心得並限制在95字內,籃球(下),正面,95,老師人超好，每堂課都可以跟老師聊關於籃球的話題，不管是場上場下的事，老師也會教我們做人處事的道理。早八的課程是在室內上課，可以不用到室外曬大太陽。老師每堂課都會點名，並且老師不喜歡學生遲到。
請生成籃球(下)課程的正面心得並限制在81字內,籃球(下),正面,81,下學期的課程內容幾乎和上學期幾乎相同，一開始熱身訓練戰術跑位等等，最終自由時間讓我們可以隨意打球或休息，雖然下學期老師很常遲到害我們不知道到底有沒有要上課就是了。
請生成籃球[4]課程的正面心得並限制在94字內,籃球[4],正面,94,此課程能熟練各種二對二與三對三的攻、防要領，同時也是校園中少數可使用體育館的體育課程之一，雖然是早八課程，一大早就要爬起床上課對大學生可能覺得不大喜歡，但老師十分很有趣很愛講一些有的沒的。
請生成籃球初級課程的負面心得並限制在64字內,籃球初級,負面,64,依照課程大綱的分數去計算(期中期末各25%課程參與度10%出席40%)，課堂參與度老師不會給太多分，請各位不要抱著僥倖心態修課。
請生成鑑識科學概論課程的正面心得並限制在82字內,鑑識科學概論,正面,82,老師看起來就是一個善良的老伯伯，上課都會說一些他在工作上的優良事蹟！ 每一堂課要去教室紙本簽到，考試前也都會提供老師的講義跟考古題給大家練習，只要有背起來就會寫~~
請生成邏輯思考與應用課程的負面心得並限制在83字內,資訊素養：程式設計與應用,負面,83,老師的聲音引人入眠，感受的到老師有想認真教學，但他的教學方式讓人很難吸收。另外給分標準也很迷，感覺很主觀，不一定程式碼編寫的完整或複雜就能拿高分，也不一定最凱瑞的負責寫程式的組員就拿最高分，一切都是老師主觀認定。
請生成體育課程的正面心得並限制在113字內,體育,正面,113,老師人蠻好的，我都有乖乖上課出席，只是不知道是不是體育好的人分數也會比較好，因為我的分數只有B...... 課程中會有一次排球跟籃球比賽，每個人要擔任不同的角色（角色定位裁判、教練、隊長、隊員、記者、工作人員），會算兩次分數。
請生成體育課程的正面心得並限制在83字內,體育,正面,83,超涼的體育課，老師教的內容也不會太難，都是基礎的器材操作，上課氣氛很輕鬆，去體操室超好玩，平常沒機會進去，上這堂課也是唯一進去的一次機會，期中會去大安森林公園散步一次
請生成財務金融專題課程的正面心得並限制在126字內,財務金融專題,正面,126,因為是做專題所以找組員是非常重要的，每位成員之間要好好分配工作，也要有效的溝通，做專題會花時間跑數據做統整，如果要選這堂課要有心理準備，整堂課都著重於做專題以及和老師討論專題的內容，需運用到一些分析財務金融知識的能力以及執行財務金融實務所需技能的能力。
請生成產業分析課程的正面心得並限制在103字內,產業分析,正面,103,這堂課真的很涼，不會很多專業的理論要學，基本上都是老師講老師的課，同學做自己的事，但我很喜歡老師每堂課都會分享很多時事，讓大家可以更了解台灣以及國際當今所發生的很多財經事件，在上課的同時也可以拓展國際視野。
請生成財務軟體應用課程的正面心得並限制在138字內,財務軟體應用,正面,138,這門課最大的優點是採取遠距的方式授課，除了可以讓大家更自由的去安排讀書時間，更好的是因為有些部分操作起來較為複雜，所以不會的地方可以一直反覆觀看，可能耗時，但學習效果我覺得會比實體上課好。考試的部分其實都很簡單，跟平常的練習題差不多，平常有認真做的話期中期末要拿高分不是問題。
請生成財務風險管理課程的正面心得並限制在149字內,財務風險管理,正面,149,這門課其實蠻輕鬆的，上課時間其實大家都在做自己的事，老師也不會管太多，但認真上課是真的可以學到很多。這門課沒有期中考，所以整學期上的東西會在期末考一次考出來，所以不要太慢開始準備，不然讀不完，出題的話老師也都是考大觀念，不會考太仔細，另外老師超重出席，基本只要有出席跟該交的作業都有交就不太會被當。
請生成台灣政治與民主課程的正面心得並限制在88字內,台灣政治與民主,正面,88,這堂課老師會教我們選舉的相關知識，對應時事的部分他都會講解，他會舉例各國的政治，每週下課都要拿小紙條寫心得，期中期末考會先洩題讓我們準備，只要寫到課堂筆記的部分分數都不會太低。
請生成化學研究導論課程的正面心得並限制在94字內,化學研究導論,正面,94,這堂課是每週都有不同老師來上課，他們各自會介紹自己的實驗室讓學生了解自己的興趣方向後，再決定自己要選哪個實驗室，而我對材料化學有興趣因此加入了有機材料實驗室，老師會教我們實驗室的專題內容。
請生成宗教哲學課程的正面心得並限制在96字內,宗教哲學,正面,96,基本上課堂筆記、心得腳蹤上都有寫，基本分數都會拿到。上課問的問題都是會要回答在腳蹤上的問題，會有關於宗教觀、生命觀等哲學的議題，從哲學的方向討論宗教，可以促進對於生命意義的思考及探索自我價值。
請生成區域文明史課程的正面心得並限制在83字內,區域文明史,正面,83,從歷史方面進行探討，因此對於各國各式博物館有更深的理解，包含博物館策展、展覽方式、推廣、行銷等，因為老師之前是相關人士，所以很常在課堂上，都會有自己的見解及經驗分享。
請生成全球化大議題課程的正面心得並限制在104字內,全球化大議題,正面,104,可以關注到平常不會主動去了解的全球性、社會性議題並進行討論，回答問題、訴說自己的看法的同時，可以好好整理相關資料，藉此機會多了解跨領域的社會知識。因為身處桃園市中壢區，所以也會多針對東南亞移工的議題進行探討。
請生成供應鏈管理課程的正面心得並限制在106字內,供應鏈管理,正面,106,這個老師就是出了名的佛系，分數也都給超甜，認真上課也能學到很多實務層面的知識、技巧，我覺得老師比較特別的是，會請業界的人來演講，讓我們能了解現在業界的真實情況，結合課本的知識，能讓我們更容易理解為何要學這些東西！
請生成中西哲學家的生命觀課程的正面心得並限制在90字內,中西哲學家的生命觀,正面,90,這堂課蠻涼的，可以做自己的事情，只要記得下課前的小組心得要寫出來，老師也不會要求太多，有時候也會放影片讓我們看，只是冷氣太冷，睡覺會被冷醒，期末考會先告訴你要考什麼，有準備就會過。
請生成商用數學課程的正面心得並限制在101字內,商用數學,正面,101,我們學的微積分跟別人好像不太一樣，老師人超好，還很佛，看到我們很累還會提早下課（因為剛好我們排在禮拜五下午，就可以提早回家）但上課也很認真，會補充很多東西，考試也會直接勾選題目，從中出題好讓我們拿分數。
請生成企業概論課程的正面心得並限制在97字內,企業概論,正面,97,雖然早八真的很累，但是老師也蠻好的不會太要求學生，大部分同學都在睡覺，期中期末都是手寫題，有準備幾乎都可以拿到高分，在報告上老師都會很認真聽學生的內容，也會反問學生問題，遇到好組員就是穩穩拿分。
請生成稅務法規(一)課程的正面心得並限制在121字內,稅務法規(一),正面,121,稅務法規課程讓我了解國家稅制體系是如何運作，也學習到法規細則，教授教學方式很淺顯易懂，搭配實例分析，能幫助吸收上課所學；這門課要過或是拿高分我覺得很容易，考試並不會很難，都跟練習題的題目相似度很高，幾乎一樣，有認真上課跟練習題目就能高分通過。
請生成認識大數據課程的正面心得並限制在198字內,認識大數據,正面,198,這門課其實並不難，老師上課教的都比較基礎，就是基礎的統計學、微積分之類的，SAS的部分會比較難，因為並非所有科系的同學都學過，所以這部份其實大致上我都聽不懂，上課筆記一定要抄，因為考試都是從裡面出，基本上只要把自己抄得都背下來，考試照抄上去就行了，也不會考任何計算題；期末報告的部分真的要慎選組員，跑程式不用擔心，你只要整理好數據資料，剩下的老師會幫你跑，整體下來這門課有該做的都有做分數會很高。
請生成全球化大議題課程的正面心得並限制在123字內,全球化大議題,正面,123,英文不好的人不用害怕修這門課，老師不會用太艱深的英文來教學，這門課可以學到很多關於亞太地區安全的發展和挑戰等議題，可以增進自己的國際視野，這門課也會分組，但由於後期疫情緣故，所以基本都是遠距上課，小組也沒有甚麼用處，這門課真的又涼又甜，值得一修。
請生成統計學(一)課程的正面心得並限制在158字內,統計學(一),正面,158,這門課我覺得最大的優點是遠距教學，因為有些地方其實蠻複雜的，不會的地方可以在ilearning上面反覆觀看影片，也可以自行調整上課的步調，很自由；但這門課的缺點就是作業真的超級多，雖然不難，但真的會寫道懷疑人生，不過只要認真上課跟有做練習期中考要拿高分不難，期末考就不一定，因為是商學院聯合出題，所以難度會提升一些。
請生成財務管理(一)課程的負面心得並限制在142字內,財務管理(一),負面,142,不建議想要涼涼的過的人來修這門課，雖然一樣也是可以學到很多東西，但相對於其他課程而言，黃漢清老師的課我覺得算硬，考試也較難，需要花很多時間跟功夫在學習以及練習上面，分數也比較一板一眼，也還是會當掉固定人數的人，所以如果你在危險邊緣還是會有補救的機會，但奉勸還是乖乖讀書，不要冒這個險。
請生成理財規劃與策略課程的正面心得並限制在117字內,理財規劃與策略,正面,117,這門課相較於其他課程比較貼近日常，老師會教大家一些日常的理財觀念，很會透過自己的一些經驗跟大家分享，期中考比較簡單，但到期末考的話需要背的公式就會比較多，需要花時間準備；平常上課氛圍也很輕鬆，老師很喜歡聊八卦，也很喜歡聊星座，很有趣。
請生成會計學(一)課程的正面心得並限制在89字內,會計學(一),正面,89,第一次接觸會計，自己蠻上手的，老師雖然上課喜歡講廢話，但教的還不錯，自己都聽得懂，也是全英文考試，只要有寫課本習題基本上考試都會寫，助教也會幫忙講解習題，也可以私下問助教或老師。
請生成金融市場課程的正面心得並限制在109字內,金融市場,正面,109,這門課程讓我深入瞭解金融市場的運作，透過認識各種金融工具，擴展我對利率、供需、風險以及政策的認識；也不會擔心學不來的問題，老師的教材都很簡單，講解也都是深入淺出，期中期末也都跟平常小考差不多，有認真上課拿高分不是問題。
請生成經濟學(一)課程的正面心得並限制在113字內,經濟學(一),正面,113,剛開始上課會覺得跟高中學的差不多，但是越後面難度增加蠻多的，再來是老師是全英文考試，但是用中文上課，雖然老師會提醒要多記專有名詞，但是其實考試看不懂的就真的不會寫，最難的是手寫題，需要多練習才會寫，不過老師教的還不錯，很認真。
請生成體育一課程的正面心得並限制在113字內,體育一,正面,113,這堂課老師打分數超級甜，老師自己說最低最低就是80分所以只要你有來通常都不會被當掉 但是這個老師在自由活動時間會有很多浪費了很多時間有時候會不耐煩 但是在他的教導下我的發球變準了，他會一個一個去關心，其實老師的不錯只是話多了點
請生成英語聽講(二)課程的正面心得並限制在114字內,英語聽講(二),正面,114,這門課如果英語能力不好也不用擔心，老師人很好，課堂中會有很多時候是需要開口回答問題的，是不錯的練習機會，也能藉機提升口說能力，答不出來沒關係，老師會引導你；考試也不會到很難，大部分都跟上課差不多，平常上課有跟著練習要過不是問題。
請生成文學經典閱讀課程的正面心得並限制在85字內,文學經典閱讀,正面,85,跟高中國文課差很多，老師其實蠻認真的，內容蠻豐富的，不過一半以上的同學都在睡覺或是玩手機，老師還很喜歡提到她的兒子，上課一定會上到最後，很少提早放人的，不過分數給的很甜。
請生成聯合國永續發展目標概論課程的正面心得並限制在82字內,聯合國永續發展目標概論,正面,82,這堂課我更深入得了解永續啊的重要性，在現在地球環境下永續發展對人類至關重要 這是老師在上課的主要要傳遞給我們的理念，在這堂課的渲染下，我也會去做出對地球有幫助的事情
請生成文化思想史課程的正面心得並限制在153字內,文化思想史,正面,153,這門課真的超推，尤其是推給不喜歡分組，喜歡自己一個人上課的人，這門課老師的課程內容非常豐富，很認真在備課，可以學到很多，也不無聊，選的電影雖然看起來有點年代了，但很很好看；期末報告雖然有點小麻煩，不像以往只需要隨便上網找資料複製貼上，需要實際去做田野調查，但是是真的可以學到很多，很建議給想學到東西的同學。
請生成中西哲學家的生命觀課程的正面心得並限制在95字內,中西哲學家的生命觀,正面,95,老師很會教讓你了解到每個哲學家的理念中心思想，我印象最深刻的是他教的孔子， 在這堂課吸收孔子的中心思想，並帶入生活理念，遇到事情時就能輕鬆應對 雖然這堂課老師都沒在管，但是認真聽肯定大有收穫
請生成ISO 9000國際標準認證課程的正面心得並限制在82字內,ISO 9000國際標準認證,正面,82,學到國際標準認證的相關知識，以及老師邀請兩位業師來演講，兩位業師的專業非常不同，讓同學能夠了解不同產業、職務與國際標準認證的連結。上課輕鬆，幾乎很多人在做自己的事。
請生成行政學與公共管理課程的正面心得並限制在91字內,行政學與公共管理,正面,91,修了這個老師的課兩次，上課的內容方式都沒什麼變，老師人很好，該做的都有做成績都會很高，因為是跟國考相關的課程，期中期末考的考試內容手寫占很大一部分，但老師給分大方，重點有寫出來就好。
請生成銀行管理課程的正面心得並限制在119字內,銀行管理,正面,119,老師在業內實務經驗豐富，常常在課堂上分享與課程內容契合的實務經驗，能讓我們更了解真正在銀行業工作需要的能力，也鼓勵學生們去考照，這方面也提供了許多建議，上課方式輕鬆，老師感覺是很喜歡挑戰及吸收新事物，因此很喜歡跟同學們聊天，不太會有代溝。
請生成認識星空課程的正面心得並限制在133字內,認識星空,正面,133,原本沒有很喜歡地科有關天文的部分，覺得很困難，經由老師的講解之後覺得真的有學到東西，也替高中一些不懂的部分解惑，真心覺得收穫良多。老師也很會鼓勵大家分享天文新知和天文活動，有稍微去看一下的話都可以增加一些天文相關資訊。而且這門課是非同步遠距，自己安排上課時間很方便！
請生成化學實驗(三)課程的正面心得並限制在88字內,化學實驗(三),正面,88,這堂課使用器材時要小心，一定要穿實驗衣實驗袍戴手套，可以學到很多實驗知識和方法，每次洗器材的時候都要當心不要打破，老師給分很甜，基本上結預報都還蠻高分的，自己覺得上下來很輕鬆。
請生成經濟學(二)課程的正面心得並限制在107字內,經濟學(二),正面,107,這門課跟上學期的不太一樣，上學期是著重於個體經濟學，而這學期則是偏重在總體經濟學，會比較多介紹政府、國家的經濟政策，老師上課會搭配很多圖形，這樣學起來就不會那麼的複雜，深入淺出的授課方式可以使複雜概念變得清晰易懂。
請生成期貨與選擇權課程的正面心得並限制在132字內,期貨與選擇權,正面,132,這門課真的是財金系超難的課之一，加上是全英語授課，所以很多時候根本聽不懂老師在講甚麼東西，需要很認真聽課；考前也要花很多心力去準備，但考出來基本上都是不及格或是擦邊球的分數，超級挫折，但還好老師會調分，所以只要不要考太爛、作業都有認真寫、有出席的話，基本不會被當。
請生成總體經濟學課程的正面心得並限制在124字內,總體經濟學,正面,124,這門課真的超涼，分數又超甜，老師也很認真在準備上課教材，上課內容很豐富，老師上課的語調較平有時候會覺得很無聊，但如果認真上真的可以學到很多，期中期末考也都是出老師給的題庫，只是有時候選項會順序會變，要比較注意，總體而言，如果不介意上晚課的很建議修。
請生成桌球(女)一課程的正面心得並限制在118字內,桌球(女)一,正面,118,這門課很適合沒有任何基礎的初學者來修習，老師人很好，每次上課會先教一些特定的基本技巧，之後會讓大家以小組單位一起練習，練習過程中老師也都會到各個小組來做巡視，替大家糾正姿勢；期末也會依照每個人的實力例外分組讓大家來打比賽，是很有趣的課。
請生成壘球(女)一課程的正面心得並限制在108字內,壘球(女)一,正面,108,這門課對女生來說很友善，整學期下來，老師並不會要求每個人每節課都要有很大的運動量或是整堂課就是一直都在運動，可以適時休息，又可以達到一周基本該有的運動量，所教授的有不會很難，完全沒有棒球經驗的新手也很容易就可以上手。
請生成哲學與思考課程的正面心得並限制在139字內,哲學與思考,正面,139,當初選這門課完全是衝著遠距克去修，整學期上下來覺得哲學其實挺無聊的，很多哲學家說的話我其實都聽不太懂 ，更不用說去學習一些哲學理論，建議給真的對哲學有興趣的同學去修，但如果跟我一樣是喜歡遠距以及分數甜的課程的話，也是很建議的，只要你不嫌麻煩，該做的都有做到，90分以上不是問題!
請生成會計學(二)課程的正面心得並限制在134字內,會計學(二),正面,134,會計學這門課是我大一花最多心力去學習的一門科目，他很吃邏輯思考能力，很多地方死記硬背是沒辦法的，需要了解它的原理，尤其是計算的部分，但這門課的老師上課很用心，會慢慢講解，真的還是不會的地方下課時間也都可以再找老師解決問題，所以有認真上課和練習課本習題基本要過不是問題。
請生成英語聽講(一)課程的正面心得並限制在103字內,英語聽講(一),正面,103,老師上課其實內容很扎實，教的很好認真聽一定可以把英文學好，只是他講話太催眠很容易就會睡著 他很會教學生讀英文的方法，在他的課堂上可以快速增進讀英文能力，如果大家修到他的課要認真聽 只要不要太混他都不會當掉你
請生成英文(一)課程的負面心得並限制在95字內,英文(一),負面,95,老師超級嚴格，上課都只上課本比較偏無聊，而且上課不能玩手機也不能睡覺，表面上他都不會說什麼私底下都把你的分數扣光光，我的平時成績只有20分吧，如果上到這堂課的各位一定要小心不然分數都會被扣光
請生成國際現勢課程的正面心得並限制在82字內,國際現勢,正面,82,能滑水拿個80+、90+，也能認真學習很多知識，點名我不清楚有沒有計算到成績中(至少老師沒說)。老師上課會點同學回答問題，答不出來直接用手機查就好。上課方式非常自由
請生成管理學課程的正面心得並限制在206字內,管理學,正面,206,這門課讓我學習到很多，從一間企業管理階段最基本的組織文化、社會責任、決策規劃、策略管理到最後期末的BOSS競賽實際操作，都讓我更加了解一間企業是如何控制管理經營的；其中我覺得讓我獲益最多的是BOSS競賽，這項競賽可以透過實際的系統來模擬各類經營情境，讓大家可以擔任任何一企業的主管職位，熟悉企業經營之整體理念，並了解企業經營之競爭過程，更能有效地了解在制定決策、身處大環境以及面對競爭對手所需要有的各類管理能力。
請生成財務數學課程的正面心得並限制在180字內,財務數學,正面,180,這門課並沒有想像的那麼簡單，因為高中是念文組的，所以並沒有接觸過微積分，雖然一開始微分、積分等基礎理論會很容易上手，但隨著授課內容越往後推會發現後面遠比前面要來的困難很多，也會發現與其去死記硬背那些死板的公式，能夠了解整個運算過程的原理才是更重要的；財務數學這門課讓我深刻理解數學在金融領域的應用，也對未來很多科目，如統計、經濟、計量經濟學等課程有很大的幫助。
請生成飲食與生醫保健課程的正面心得並限制在97字內,飲食與生醫保健,正面,97,因為剛好遇到新冠疫情，都在家遠距上課，該如何攝取適當營養來提升免疫力就很重要。而課程中也介紹到各種青菜提供的營養素，還有像是十字花科蔬菜可抑制自由基等都是對於疫情階段需要施打疫苗非常實用的知識。
請生成楚漢相爭之職場競爭力課程的正面心得並限制在120字內,楚漢相爭之職場競爭力,正面,120,老師說故事的能力完全不無聊，就算對楚漢相爭不感興趣，還是可以認真聽完課程內容，而且課程分數一大占比都是選擇題考試，題目也不難，可以說是非常涼的課。另外課程內容真的與職場有著密切相關，認真聽課會學習到蠻有用的知識，如果大四修這堂，應該會更好。
請生成當代人權議題與挑戰課程的正面心得並限制在87字內,當代人權議題與挑戰,正面,87,課堂中，老師每講述完一個議題都會和大家討論，大家都會認真聽課還有思考，點人都是隨機點，修課人數將近百位，可以聽到很多不同的想法。上課會看很多有關上課議題的動畫短片，蠻好看的。
請生成文學經典閱讀課程的正面心得並限制在91字內,文學經典閱讀,正面,91,這堂課我這學期去的次數大概只有五次，你只要期中期末前還有要報告的時候去就沒問題了 這個老師都會洩題只要事前有準備拿高分輕輕鬆鬆，但是那個報告要認真做因為佔比很中 但也是輕鬆拿分的作業
請生成環境服務學習（二）課程的正面心得並限制在155字內,環境服務學習（二）,正面,155,這門課一學期修下來雖然真的覺得很無聊，但環境服務學習確實也是一次充實的體驗，透過參與校園環境維護的勞動與付出，讓我更加珍惜校園環境，因為每個區域都是本校學生花費時間以及心力去打掃過的，所以會格外注重換環境的整潔；而在整個過程中，我學習到的不僅是團隊合作，也讓我意識到每個人都應該為自己所處的學習環境盡一份心力。
請生成光干涉與檢測概論課程的正面心得並限制在89字內,光干涉與檢測概論,正面,89,對於光學的理論更加的深度，而且打好了更多的基礎我相信在畢業前在上一堂這堂課會對你再出社會工作之後有更多更多的幫助，而且老師是非常優秀的教授他的人脈以及知識含量都可以幫助你非常的多
請生成社會實踐課程的正面心得並限制在93字內,社會實踐,正面,93,想穩穩地過的話，最好每堂都到，期中期末的報告及影片要交，沒交就沒分，不接受補交，期末影片占50%，沒繳就整組沒分，一定會被當，老師交代的事有準時做完就一定過，不會為難同學。當組長有加分。
請生成經濟學(一)實習課程的正面心得並限制在111字內,經濟學(一)實習,正面,111,先聲明，評價皆for盧助教，非正課老師。助教上課從第一天就超熱情，上課也很認真帶題目、向同學解釋聽不懂的部分、還有各種理由的加分！！由於助教帶的班級很多，即便進度趕不完也會在ilearn放自己錄的影片給同學看，真的好有心。
請生成地理資訊系統課程的正面心得並限制在127字內,地理資訊系統,正面,127,這是一堂概論課程，如果第一次接觸GIS可以認真聽，但想學更多實務操作內容，建議至它系選修，該老師大多以理論為主，故期中、期末難度會比較高。 正課會搭配實習課程，會有助教帶領大家操作上機，但也是非常基礎，屬於入門款，期末會有上機考試，若想混學分建議不要來。
請生成土地經濟學(一)課程的正面心得並限制在142字內,土地經濟學(一),正面,142,不能穿拖鞋。 雖然期中、期末、整學期的報告，每一項難度都很高，而在有限的上課時間，老師上的內容也很有限，所以很多時候需要靠自己自學的能力，不然就單純上課內容，無法應付期中末考試，如果是想混學分的建議不要來，因為這堂課難度真的算很高，老師也盡力講的很清楚，實習課也會盡量補充正課的內容。
請生成中文思辨與表達(二)課程的正面心得並限制在139字內,中文思辨與表達(二),正面,139,雖然是校定必修課程，也有規定老師一定要上哪些內容，但老師會盡他最短時間將學校指定之內容上完，或是延伸一些可以搭配的教材。 如果都上完的時候，他會開始講他自己創立的動漫心理學，藉由動漫內容省思角色的狀態，或是分享可以值得閱讀的電影書籍等，把無聊的中文課上的很生動，很推的一位老師。
請生成教育的理論與實踐課程的正面心得並限制在196字內,教育的理論與實踐,正面,196,這位老師是今年第一次在逢甲開設通識課，也很樂於聽取同學建議，是一位很認真的老師。老師上課非常注重與學生互動和想法交流，可以多多舉手分享想法，可以加分，也可以不回答就會少了20%的分數；課程上有時會分組互動，交流想法然後上台分享，若喜歡發表意見的或是喜歡思考的應該會很喜歡這門課；期中期末報告難度不高，就上課內容或書本內容，寫出延伸案例或想法就可以了，總而言之算是輕鬆的一門課，認真的分數很甜。
請生成會計學(一)課程的正面心得並限制在119字內,會計學(一),正面,119,很多人說正課老師照念PPT很無聊很沒用，但對我個人來說是有益的，畢竟連課本內容都不懂的話要怎麼寫題目？最初沒有學過會計&碰過原文書，導致學習上很有障礙，後來經過老師開導就慢慢上手，期中期末考能考到滿分，雖然會想睡覺沒錯，認真聽還是不虧的。
請生成經濟學(一)課程的負面心得並限制在176字內,經濟學(一),負面,176,大概就是高中公民機會成本那部分的進階課程，可能是老師的上課方式不適合我，自己讀遠比聽老師上課還有用。老師喜歡用微積分來教經濟學，不知道微積分更爛的同學要怎麼辦，有時也會將個人情緒帶至課堂（不嚴重但感受得到），前幾週一直數落說學得夠簡單了還不上進，個人覺得這些話對認真上課的少數人來說非常不公平，建議台大畢業就去教台大的學生。認真程度和總成績也不成正比。
請生成會計學(一)實習課程的正面心得並限制在113字內,會計學(一)實習,正面,113,正課聽不懂的幾乎都能在實習課得到解答，老師手把手帶著寫題目真的很有幫助，最初個人由於英文太爛，導致前幾次小考都非常悽慘（甚至掛蛋），經過一段時間的認真上課＋自主學習，期中期末考都能考到滿分，實在是不可多得的好老師，供各位參考。
請生成有機化學(一)課程的負面 心得並限制在84字內,有機化學(一),負面 ,84,這門課其實我覺得沒有學到什麼，因為我覺得超級難，而且它的三維空間要稍微看得懂不然真的很多題目做不出來，腦筋會死在那邊，有時候看了很久老師給的ppt，但看了半天還是學不會
請生成通訊與網路概論課程的負面 心得並限制在160字內,通訊與網路概論,負面 ,160,上課其實蠻無聊的，除了老師講話的語速及口音讓人想睡覺之外，ptt上的內容也很繁雜，要背的東西很多，小考老師不會講說要考甚麼，但是期中期末的題目會跟小考有關，所以好好把握期中期末，線上測驗等其他也要做，這是不要讓你被當掉的重點，上完後前段時間是還會記得老師教的東西，像是TCP/IP協定架構，計算子網路等，但後來就會忘記了
請生成人工智慧導論課程的正面心得並限制在183字內,人工智慧導論,正面,183,這堂課是在晚上，早上上了一整天後再上這堂課想睡覺是正常的，如果你睡覺或是做自己的事，老師也不會管你，老師人很好，專業領域也是人工智慧，但這堂課主要是教人工智慧的基礎原理，並不會教你怎麼從0做出一個可以跑的AI，所以想學實作的同學要再三考慮，不過這堂課和老師真的很好過也很涼，還是建議大家去選。一個學期上完，大致也了解到人工智慧整體的架構及各種模型(CNN、RNN等)
請生成普通物理實驗(一)課程的正面心得並限制在80字內,普通物理實驗(一),正面,80,"做實驗要寫預報跟結報,如果跟到好的組員,就會很快完成實驗,實驗前,先了解實驗的內容,在做實驗的時候,基本上就不回特別慌忙,或是不知道該做甚麼,有問題都可以問老師"
請生成普通化學(一)課程的正面心得並限制在81字內,普通化學(一),正面,81,"普通化學式大一的必修課程,有些比較基本的,高中指考就有讀過了,不過還是要認真上課,我覺得老師上課很認真,基本上有在複習課本內容,考試就不會得特別難,不過還是要複習"
請生成國際貿易與匯兌課程的正面心得並限制在80字內,國際貿易與匯兌,正面,80,透過學習這堂課程，我能夠理解國際匯兌的原理、工具、和使用方法，也瞭解了國際外匯市場操作的各種技巧。期中考和期末考試會由助教監考，會排座位考試，考試題目皆為申論題
請生成 總體經濟學(一)課程的正面心得並限制在115字內, 總體經濟學(一),正面,115,上完課程後我能瞭解總體經濟學的基本意義和基本推論，也能瞭解在不同經濟情況下要如何採用不同的經濟政策。考試的部分，有選擇題與問答或計算題。選擇題以英文出題，答題時除正確選項，必須以中文翻譯。問答或計算題從各章的練習題中挑選，中文出題
請生成個體經濟學(一)課程的正面心得並限制在89字內,個體經濟學(一),正面,89,老師上課不太會管大家要幹嘛，只要不要聊天影響老師上課就好，期中考跟期末考前一週都會有一次小考，小考的題目就是大考的題庫，只是還會再加上計算題或畫圖表，考試內容大多為重要名詞解釋。
請生成商業會計法課程的正面心得並限制在81字內,商業會計法,正面,81,修完商業會計法之後會得知有關許多在職場上應注意之商業法律，並且可以聽到許多真實案例，從中學習。在未來進入職場後，可以更多加注意法規的部分，以及面對問題之處理方式！
請生成中文思辨與表達(一)課程的負面心得並限制在124字內,倫理學與當代議題,負面,124,一開始前一兩個禮拜有試著認真聽過課，但發現完全聽不懂==比聽西班牙文還難，更不用談學到東西了，不過這門課真的很好爽爽過，可能爬文會看到以前有人說很硬不要選，但其實現在已經放下大刀了
請生成會計學(一)課程的正面心得並限制在88字內,會計學(一),正面,88,個人覺得是好課值得一修 想要考的高分就是上課認真聽，回去記得練習題目，老師考前會提供歷屆考古題，也會在期中期末考前做重點複習（計算題），老師上課的氛圍還蠻輕鬆，但會有大量的版書
請生成總體經濟學(一)課程的正面心得並限制在95字內,總體經濟學(一),正面,95,老師上課除了課本外還會帶計算題跟選擇題的題目，若學習單內容在上課沒帶完則變成回家作業。期中考跟期末考會有題庫（ilearn2上的練習題/選擇），考試為線上考要帶手機&平板&筆電，可以查閱資料
請生成單元操作實驗(二)課程的正面心得並限制在80字內,單元操作實驗(二),正面,80,"單元操作實驗是化工重要的實驗,有些實驗比較輕鬆,有些會比較難,還要等很久,要謹慎選組員,因為之後就不能換了,要小心雷隊友,而且儀器有點舊跟不太準,所以要有點耐心"
請生成會計學(一)實習課程的正面心得並限制在87字內,會計學(一)實習,正面,87,實習助教人滿好的，實習課上課的內容會是他自編的講義，可以自己選擇買或不買（有些題目課本有），小考的題目有些會從助教自製的講義裡面出，期中跟期末考前會帶課本的題目，幫助我們複習
請生成國際貿易與匯兌課程的正面心得並限制在85字內,國際貿易與匯兌,正面,85,老師主要是以ppt上課為主，可以不用買課本，有關期中考和期末考，都是考申論題，會排座位考試，申論題題目基本上都是一些專有名詞的解釋，有些必考題上課時老師會說，可以拍起來。
請生成會計學(一)課程的正面心得並限制在80字內,會計學(一),正面,80,老師上課是使用自己製作的ppt為主，再搭配課本上的題目做講解，是中文授課（雖然課本是原文書），老師人很好，考前會帶題目複習，考試改的分數也比較鬆，沒有回家作業。
請生成系統思維學統計課程的正面心得並限制在86字內,系統思維學統計,正面,86,因為我是商學院的，所以上這堂課對我來說有點困難，且期中後上機的課程越來越多，因為期末考會考上機的內容，因此後面需要花費蠻多的時間去複習，而考試手寫的部分則可以參考課本例題。
請生成普通物理-電、磁、光實驗課程的負面心得並限制在97字內,普通物理-電、磁、光實驗,負面,97,學過就都忘了，而且對於資工系來說，不需要懂原理，知道怎麼操作就好了。結預報根本就是為了折磨大一新生吧? 寫好寫滿+畫圖才有90分以上，而整整15個實驗真的手會爛掉，而且組員躺分抄作業真的會瘋掉。
請生成財政學(二)課程的正面心得並限制在107字內,財政學(二),正面,107,期中跟期末考時，雖然選擇題需要翻譯題目跟答案，但在考前老師會上傳選擇題題庫，只要平時有練習過，通常不會有太大的問題，而計算題也都是老師課堂上教過的題目，考前一週也會上傳部分題目的解答過程，所以要pass還是不難的。
請生成普通物理-電、磁、光課程的正面心得並限制在92字內,普通物理-電、磁、光,正面,92,因為有些觀念是在高中就學過的，所以在修這門課的時候稍微比較輕鬆一點，另外我覺得這門課自學是很重要的一環，因為有些觀念如果沒有自己去搞懂的話，即便考出來也是不會，所以需要額外花一些時間。
請生成生命科學課程的正面心得並限制在112字內,生命科學,正面,112,這學期上完這堂課，學習到很多知識，每個單元的內容也都非常有趣，其中有關疾病的單元特別印象深刻，除了能夠了解微生物會導致什麼疾病發生外，老師還會和我們分享他的醫生朋友所遇過的案例，還會教一些預防的方法，總之這堂課使我受益良多。
請生成光學(二)課程的正面心得並限制在81字內,光學(二),正面,81,這堂課老師還不錯，有些同學會抓好老師什麼時候點名才來，老師有時候會碎碎念，很關心大家的未來，告訴大家要好好讀書，有時會叫同學上台講話，會讓大家比較認真，怕點到自己
請生成電子學(三)課程的正面心得並限制在115字內,電子學(三),正面,115,學到電子學原理以及課程內容方向，課本內容以及各種專業的名詞解釋，是一門修了覺得有希望的課，不會茫茫不知道在學什麼，對於想要好好過的同學是有幫助的，大多電子學教得很艱深，老師教的淺顯易懂又好過，圖上角位以及各個名詞都會很認真地上過。
請生成毛小孩健康用品之開發課程的正面心得並限制在93字內,毛小孩健康用品之開發,正面,93,認識了很多貓狗智慧產品的知識，看了許多影片才知道原來有那麼多想法可以應用在寵物身上，不只科技進步造福了人類，寵物方面也越來越重視，許多智慧產品能彌補主人忙碌時，對寵物的疏忽照顧，覺得很好
請生成智慧財產之保護與實務課程的正面心得並限制在83字內,智慧財產之保護與實務,正面,83,這是一堂很涼的通識課，選到的人很幸運。寫作業可以學習到專利搜尋和商標申請的流程，是一個蠻特別的經驗，如果想輕鬆學習得同學，可以考慮選修這門課，還可以聽老師講冷笑話哦！
請生成環境土壤學課程的正面心得並限制在86字內,環境土壤學,正面,86,上課可以學到很多土壤相關的知識，覺得還滿有趣的，可以更認識土壤各分層，畢竟我們普通時候沒有辦法了解到這麼多，讓我們了解原來土壤沒有想像中的那麼簡單。老師人很好，上課很用心。
請生成作業管理課程的負面心得並限制在86字內,作業管理,負面,86,這堂課特別的地方是會跟另一班交換老師上課，兩個老師的風格很不一樣，我覺得另一個老師講得比較清楚，但是因為交換上課的原因所以選哪班都差不多。老師很重視上課準時，盡量不要遲到。
請生成高分子物理課程的正面心得並限制在153字內,高分子物理,正面,153,修完高分子物理後，我對塑膠、橡膠等高分子材料有了更深的認識。學到了它們的奇妙結構和行為，以及為何它們在不同條件下表現出不同的性質。透過實驗，我親身體驗到高分子材料的特殊性。原來，裡面有很多小秘密，像是分子排列和動態變化。這門課也讓我意識到高分子物理對於新材料和環保有著深遠的影響，啟發了我對這個領域的興趣。
請生成退休理財規劃課程的正面心得並限制在86字內,退休理財規劃,正面,86,這堂課很涼，只要有做作業成績都會很高，出席分數沒有佔很重，雖然每週都會點名。報告不用很認真做，老師也不會特別刁鑽，如果當學期有校外競賽都可以加分，真的很涼，外系一定要去修！
請生成河川生態學課程的正面心得並限制在88字內,河川生態學,正面,88,學到了很多關於河川生態的知識，整體不會太難，因為有很多外系的同學選，所以是以增加新知為主，老師很輕鬆，一學期只點五次很涼，也沒有期中期末考，改成期末報告而已，大推外系選這堂課！
請生成 國際貿易理論與政策課程的正面心得並限制在125字內, 國際貿易理論與政策,正面,125,這堂課是系上的必修，剛開始感覺很難，但其實老師很有耐心如果遇到不會的貨聽不懂的他都會再講解一次！報告當天都是老師以抽籤的方式選擇報告人，同時也讓我訓練到了報告的展現以及讓我克服上台緊張的恐懼！只能說這堂課除了學到了學科內容，也讓我學到軟實力！很建議！
請生成電路學(一)課程的正面心得並限制在82字內,電路學(一),正面,82,學到基本電路的功能，老師都會從基礎的開始教，而且會一題一題的去慢慢解析怎麼計算，考試前也會給以前的考古題去讓我們練習，基本上有練習的話，考上基本上都可以60分以上。
請生成財產保險(一)課程的正面心得並限制在89字內,財產保險(一),正面,89,把財產保險的基礎打得差不多，老師上課也會講一些案例幫助我們更好了解，期末老師有給題庫，因為我們班期中考太爛，所以不一定會給題庫，總體來說很好過'，考次前一周一定要去老師會講考甚麼
請生成大氣環境導論課程的正面心得並限制在102字內,大氣環境導論,正面,102,從這堂課了解到很多一般出現在天空的雲之多種型態，形成那些外型所達成的條件有哪些？又會因此帶來怎樣的天氣？要收集偵測的數據會使用到什麼方式？又會使用到什麼儀器呢？在一學期中學習到了很多內容，上課上的很充實。
請生成行政法課程的正面心得並限制在89字內,行政法,正面,89,老師很用心！上課會教很多法律常識，使用生活中的例子更加了解。所教的法律也是對我們有用的，不是太艱深的那種。而且這堂課很涼，基本上只要有影印講義，考試開書考認真寫，輕鬆過的一堂課。
請生成印尼語(一)課程的正面心得並限制在123字內,印尼語(一),正面,123,原本想說可以輕鬆學外語，但需要付出一點心力！老師教很認真，回家需要認真練習才能準備好下一堂課老師的抽考，每次上課都會複習上一次還會教新的東西，期中考需要準備一下，但老師也會給補考的機會，有準備不用擔心被當，老師人很好，有什麼問題都可以用英文問她！
請生成都市更新課程的正面心得並限制在94字內,都市更新,正面,94,原來台中市也有建商在做都市更新，還有危老重建的建案，法規的內容很多但考試的時候可以查，不過如果不能查法規，我可能寫不出來，期末報告去實地訪查很有趣，尤其是跟當地居民聊天可以知道很多事情哈哈
請生成水域環境生態保育課程的正面心得並限制在226字內,水域環境生態保育,正面,226,我在這堂課印象最深刻的是介紹外來種，原來貓狗居然也是，而且還是百大入侵種之一，老師也給了其他外來種的影片，我也在課餘時間觀看，也有關注到關於外來種的相關新聞（花蓮的斑腿樹蛙），戶外實習是一個不錯的經驗，有很多年沒這麼近距離去接觸一條溪流，可以親眼見到水生昆蟲是難得的經驗，因為以前去溪邊不會去注意，之後有去的話，雖然可能不知道是什麼，但我會翻翻看石頭底下有哪些生物做個記錄，老師上課的方式很好，不會有太大的壓力又可以學到課程相關的知識，是一門值得修的課
請生成生態旅遊課程的正面心得並限制在97字內,生態旅遊,正面,97,上課途中，老師會不斷的告知生態旅遊的重要性。在旅遊的途中，也保護好生態環境。而且每堂課都是講述不一樣的生物，讓我對各個生物都了解很多。最後，因為這堂課使我能夠更好地理解和參與保護我們的自然環境。
請生成駕駛行為課程的正面心得並限制在89字內,駕駛行為,正面,89,整體來說這堂課不算很難，只要上課都有到基本上老師不太會當人，作業跟考試也相當的少，只要期末作業要做好分組討論有一些成果，老師都會給過，但分數沒有很甜若是在意分數的同學建議不要選。
請生成休閒運動實務-游泳課程的正面心得並限制在96字內,休閒運動實務-游泳,正面,96,這堂課上課非常舒服，老師上課也很free ，氣氛不錯，同學不會的也會幫忙教，當然其他時間也可以訓練體力，減肥，偶爾也會打家一起玩之類的，期中期末也很簡單，建議給想要減肥增加體力又輕鬆的同學來上
請生成特用化學品課程的正面心得並限制在112字內,特用化學品,正面,112,在上這門課之前就有聽說老師上課氣氛非常好 所以在選這門課到上課的時候 是非常期待的 結果也沒有讓我失望 老師非常有趣 可以把無聊的化學名詞表達的有趣 讓我上課時發覺時間過得很快 建議給想學習化學品的同學 這是一堂非常建議的課
請生成藝術史課程的正面心得並限制在85字內,藝術史,正面,85,這堂學到很多藝術史 古典到現代藝術 大家對於這件設計品的見解 以及因為背景不同對這件藝術品的看法也不同 理解背後大家怎麼去看這件藝術品 建議給對藝術史有興趣的可以來修修看
請生成世界飲食文化課程的正面心得並限制在84字內,世界飲食文化,正面,84,老師的規定比較多比較繁瑣，第一堂課要認真聽，要稍微記一下，上課內容會有點想睡，但切記一定要聽，不然期中期末考考不好會很容易被當，老師不太會加分，這堂課就真的是各憑本事。
請生成近代物理課程的正面心得並限制在88字內,近代物理,正面,88,課程從近代最相關的相對論開始簡單帶，在過程中老師教會我們以不同角度去看物理，產生不一樣的結果及看法，也因為老師教得讓我對原本就有興趣的物理有更深的認識與體悟，看到不一樣的物理。
請生成餐飲美學課程的正面心得並限制在90字內,餐飲美學,正面,90,老師上課非常的仔細，第一節課會先跟同學說上課規定和評分方式，老師的評分方式很寬鬆，不要缺席太多堂課，都很容易過，上課內容會有一點點想睡覺（本人對於美學比較沒興趣），但還是會有收穫。
請生成運動傷害評估學課程的正面心得並限制在107字內,運動傷害評估學,正面,107,這堂課學習到很多關於運動傷害要怎麼去做評估，老師喜歡使用實作的方式，給我指位置，以及給我們看各種運動受傷時做評估的影片，老實說一開始沒想到會學到這麼多，是因為上完老師的課才發現以前其實很多動作都會導致受傷，謝謝老師
請生成客務實務課程的正面心得並限制在85字內,客務實務,正面,85,老師人很好，上課很認真，前幾堂課會先介紹台灣的飯店及民宿的現況跟未來發展趨勢，讓同學對於飯店產業有初步認識，接著會講一些工作內容，例如：訂房、接待、管理、安全維護等知識。
請生成社區小旅行規劃課程的正面心得並限制在80字內,社區小旅行規劃,正面,80,這節課的核心在於教學生以社區為旅行目的地與舞台，以不同於傳統觀光旅行方式，介紹社區輕旅行、小旅行、慢遊的概念，並會由學生設計具有文化、體驗、生活特色之旅遊行程。
請生成物聯網課程的正面心得並限制在92字內,物聯網,正面,92,介紹了物聯網的基本概念和體系結構，我們還學習了資料融合技術和物聯網的設計思想 課程裡老師也會回答我們的問題 讓我跟我同學都可以好好的跟著老師，老師很棒，期末報告跟考試都是一次很棒的學習
請生成環境景觀設計課程的正面心得並限制在110字內,環境景觀設計,正面,110,這門課學到很多關於環境景觀的知識，以及如何去設計一個環境景觀出來，剛學的時候超級困難，不懂為甚麼弄麼多東西要學，不過跟著老師的腳步後慢慢地跟上大家的腳步後，就會覺得這門課其實很好，最後的實作大家都做出有趣的東西，真的很酷
請生成影音剪接課程的正面心得並限制在85字內,影音剪接,正面,85,這堂課當初在修真的差點修不過 本身對剪輯有點興趣但是沒想到這門課對技術需求其實蠻高的，在學的時候有嚇到，幸好老師都會一步一步的帶我們，也謝謝老師，因為老師我才能以高分過關
請生成烘焙概論課程的正面心得並限制在80字內,烘焙概論,正面,80,老師教學很認真，也不太會刁難學生，跟學生關係都蠻好的，上課一開始會講解上課規定，接著會由最基礎烘焙所用到的器具開始介紹，再來會教導學生在烘焙領域學習應有的態度。
請生成民俗文化與休閒課程的正面心得並限制在82字內,民俗文化與休閒,正面,82,這節課我學會透過在地觀察與訪談居民對民俗活動的參與想法，反省民俗對個人生命及社會發展所扮演的角色與影響力，探討民俗發展的緣由，以科學方法討論析辨迷信與非迷信之民俗。
請生成APP互動設計課程的正面心得並限制在103字內,APP互動設計,正面,103,這堂課很好玩，本身是資工的底，上這課也有學到關於跟使用者的互動，如何跟使用者產生好的互動 以及了解ui ux是甚麼，並學習ui ux 介面的設計，上課的時候真的很好玩，建議有想了解使用者介面的可以來體驗看看
請生成美學課程的正面心得並限制在95字內,美學,正面,95,這堂課學到關於美學的解說及發展與藝術哲學與美學理論與後現代主義與美學理論與美學和反美學，從以前到現在，改變了甚麼，以及為甚麼改變，也告訴我們美學可以存在任何地方，然後去探討美學呈現的多元形式
請生成創客數位設計課程的正面心得並限制在116字內,創客數位設計,正面,116,如果自己家裡沒有3D列印機的話，這門課學完也沒什麼幫助，就是得到一些作品，但這門課輕鬆好玩也沒什麼壓力！ 如果要修微學程、想要高分、不介意兩週去一次雙和的話很推！而且雙和圖書館雖然小但每個位子都有插座而且算乾淨，是個可以讀書的地方。
請生成醫院管理學課程的正面心得並限制在82字內,醫院管理學,正面,82,學到不少醫院管理方面的議題，這些知識平常較難接觸。不過主授有可能會電報告的同學，如果上課的那周不是主授便會輕鬆很多。整體來說分數還不錯，也不會太累，是一門可以選的課
請生成普通生物學實驗課程的正面心得並限制在114字內,普通生物學實驗,正面,114,這門課的分數很多都是以組為單位打的，所以記得不要找常常缺席的同學，不然實驗會很辛苦。助教人很好，不太會當人，但點名點得很勤也很準時。這門課是必修實驗課，只有一學分，學到很多技巧。以實驗課來說已經算又涼又甜了（不用寫預報或結報）。
請生成醫療法律課程的正面心得並限制在85字內,醫療法律,正面,85,老師很願意解答，而且老師是法律相關的研究所教授，懂得很多，也可以去請益。不過報告挺看組員積極度，而且小考即使在考試週也會有，算是點名可能要注意不要因為準備其他考試而忽略。
請生成歌劇賞析課程的正面心得並限制在89字內,歌劇賞析,正面,89,學到編劇的技能，也難得的演了戲，過程中學到蠻多東西的，也還蠻好玩，雖然老師很囉嗦，但只要熬過那堂課就好了，出席一次就一切順利，但要能忍受在老師面前當個小白癡，為了100分一切值得
請生成高齡者心理學課程的正面心得並限制在102字內,高齡者心理學,正面,102,主授老師是楊老師，大多數講關於長者心理的問題或原因，上課很催眠但他人很好，點名也是固定時間掃碼，一學期點到幾次就算出席滿分，早退也沒關係。林老師主要教授訪談的部分並提供範例或建議指導我們訪談應注意事項等。
請生成老人學導論課程的正面心得並限制在105字內,老人學導論,正面,105,中間有去揚生慈善基金會與國語日報與長者一同上課三週，認識很多長者且會發現與我們想像的有點不一樣。劉芳人很好也很嗨，到期末很多人沒出現他也沒說什麼但還是有點名。講師大部分也都是圍繞長者的話題，可以學到很多酷東西。
請生成基礎生醫資料探勘課程的負面心得並限制在88字內,基礎生醫資料探勘,負面,88,學習如何運用weka和SAS，SAS的安裝方法很複雜，也曾安裝n次都失敗。有很多方法可以不用安裝但比較不方便也不即時。一開始上課看影片做小作業都很涼，但期末專題真的讓人燒破腦袋
請生成臨床判讀學課程的正面心得並限制在80字內,臨床判讀學,正面,80,有不同老師會透過不同主題來講解營養師在諮詢時需要具備的能力，本堂課需要完成的作業較繁瑣，要拍照、紀錄跟完成一些量表，最後以一整本交給老師，老師做簡單的評論而已。
請生成食品分析實驗課程的正面心得並限制在89字內,食品分析實驗,正面,89,有分AB班，隔周上課。食品分析課程教過的內容，挑出部分來進行實驗，老師上課一開始會講解今天要操作的實驗，之後讓各組完成，中間遇到問題可以詢問助教。考試不難，把做過得實驗讀熟即可。
請生成心靈樂活電影院課程的正面心得並限制在82字內,心靈樂活電影院,正面,82,課程很涼，上課可以做自己的事，參加討論就可以了。可以看到很多不曾注意的電影也會討論比較需要思考的問題。老師曾是臨床心理師所以可以學到一些關於心理層面的問題及解決方法
請生成解剖學課程的正面心得並限制在100字內,解剖學,正面,100,上課的時候手沒有停過，因為老師講的很快查個單字就下一頁了，但是老師會錄音所以課後還可以複習。老師有提供紙本講義，但是黑白的所以有電子檔相對方便一些。考試有很多是各種知識點合在一起所以得花一些時間去熟記
請生成團體膳食管理實驗課程的正面心得並限制在101字內,團體膳食管理實驗,正面,101,練習團體製備，實際製作保健便當販售，可以和同學一起擔任經理班，負責設計保健便當的主題菜色、採購食材、餐盒，和老師討論後，依照老師意見修改。經理班同學會分配每個組別當周負責製作哪道菜色，依照標準食譜進行。
請生成團體膳食管理課程的正面心得並限制在80字內,團體膳食管理,正面,80,國考的重點科目，老師會從每個章節挑重點出來介紹，但面對國考還是要徹底讀完一本團膳課本才比較有概念。老師出的期中、期末考有些題目跟國考題一樣，可以讀國考題做準備。
請生成營養化學課程的正面心得並限制在89字內,營養化學,正面,89,結合生理、生化、營養學的一科，不同老師會教授一種營養素的代謝，特別重要的代謝路徑老師會提示，期中期末可能會考，也是國考重點的題目，這堂課串聯代謝路徑，作為國考的複習課程非常適合。
請生成營養學專題講座課程的正面心得並限制在123字內,營養學專題講座,正面,123,大四畢業前的一堂專題講座課程，有不同老師會各自分享自己研究的領域、求學、工作生涯，從中可以思考自己未來想要發展的方向，我覺得在畢業前有這種課程讓大家反思蠻好的! 年輕的老師也會分享如何準備國考，資深的老師會分享研究生涯遇到的困難，很值得大家省思。
請生成 膳食療養學實驗課程的正面心得並限制在98字內, 膳食療養學實驗,正面,98,膳食療養學是國考重點科目，實驗主要將各種飲食實作，並依據老師給予的個案開菜單，這堂課是之後去醫院實習很重要的科目，一定要認真學，之後去醫院才有報告資料可以參考，這也是營養師到臨床工作很重要的技能。
請生成拇山人文講座課程的正面心得並限制在117字內,拇山人文講座,正面,117,大一的入門課程，到杏春樓聽講座寫反思作業，講師通常都是外聘的，演講內容有時蠻有趣的。校外參觀寫心得的作業也算容易，只是要自己記得搜尋相關的展覽，我那時是去國父紀念館參觀當期的展覽。 學校、圖書館資源探索也很容易，藉由這個機會了解學校。
請生成營養學概論暨生涯規劃課程的正面心得並限制在88字內,營養學概論暨生涯規劃,正面,88,大一的必修，認識營養學的基礎，很像是濃縮之後大二需要修習的營養學，每個部分都提到一點，之後幾堂課會介紹營養師未來可以就業、發揮的領域，課程跟考試都不難，上課起來蠻像在聽故事的。
請生成敘事與療育課程的正面心得並限制在137字內,敘事與療育,正面,137,老師會利用一些影片、廣告或是文章帶我們探討該作品想要傳達的意義，也會利用音樂MV一個個場景仔細分析。所以如果你對敘事方面很有興趣的話，是一堂蠻建議的通識課。但是老師上課的時候非常喜歡打斷別人講話，這是我不太喜歡的地方。主要的作業就是團體報告，還有每個人每學期要交十篇反思作業
請生成醫療場域內的符號與敘事應用課程的正面心得並限制在108字內,醫療場域內的符號與敘事應用,正面,108,這堂通識課程真的上起來覺得很天馬行空，老師是符號學專家，但她在講解的時候，大家感覺都沒有聽的很懂，只有在舉例一些品牌符號背後的意義的時候，有比較理解一些，當初最後期末報告選定檢驗所，用了紫色系的意義，老師很喜歡有加分
請生成食品加工與營養課程的正面心得並限制在84字內,食品加工與營養,正面,84,與食品科學、加工較有關係的一堂課，若未來想就讀食品科技研究所，可能是個入門科目。能夠學到一些食品加工的原理、機器運作、食品特性等等，我覺得蠻有趣的，老師的講義也很用心。
請生成德文(一)課程的正面心得並限制在85字內,德文(一),正面,85,會跟同學互相練習德文口說，老師會巡視，調整我們的發音。覺得上起課來不會有壓力，有問題都可以問老師，對於第一 次接觸德文的人可以放心的選吳老師的課，有興趣再繼續修進階德文。
請生成鑑識探索課程的正面心得並限制在93字內,鑑識探索,正面,93,這堂大概是我大學四年來最喜歡的一堂課，學習到很多鑑識方面的知識，從鑑識的起源講起，再介紹應對不同檢體，鑑識人員會如何處理，老師也有請調查局的老師來為我們上課，課堂上會提到很多很有趣的故事
請生成細胞生物學課程的正面心得並限制在104字內,細胞生物學,正面,104,這堂課老師比較特別，他會放上自己的講義，當然也會鼓勵同學可以準備課本，他上課的方式很喜歡問問題抽同學回答，不用擔心答對或答錯，重點建議可以把他上課講的一些細節標註起來，他上課講的圖基本上都會是考試會出現的問題
請生成英文寫作課程的正面心得並限制在129字內,英文寫作,正面,129,"蠻具有挑戰性的一堂課，很扎實的學習英文寫作的脈絡，老師會提供閱讀的範本，教你從planning, drafting, revising and editing個步驟撰寫，課後也有作業，除非文思泉湧，不然都還要花一段時間寫文章。 那時期末還要將文章製作成影片。"
請生成寄生蟲學實驗課程的正面心得並限制在105字內,寄生蟲學實驗,正面,105,覺得這堂課是我大學生活裡印象最深刻的課，也是醫技系課程的招牌，混合蟲卵考試真的很刺激，要背拉丁蟲名真的天天在哀嚎，因為很難用英文聯想方式去背，然後還要去採集台北各區的蝸牛來做實驗，採集還沒上課前還要養蝸牛很崩潰
請生成醫學分子檢驗學課程的負面心得並限制在83字內,醫學分子檢驗學,負面,83,真的覺得是系上最玄最難懂的一科，就是怎麼看講義都覺得跟老師考的完全不一樣，建議可以直接找學長姐要國考準備的醫分講義來看，可以整理出大概都在學什麼，還有什麼是一定要背的
請生成臨床病毒學課程的正面心得並限制在82字內,臨床病毒學,正面,82,我覺得這堂對於國考來說是一定要努力記得的科目，有背有分，雖然覺得老師上課有點催眠，但可以試著在課堂中整理好分門別類的筆記，這樣之後在念國考會很方便，也建議做一些口訣
請生成台灣人的生命食譜－歷史、音樂與飲食課程的正面心得並限制在86字內,台灣人的生命食譜－歷史、音樂與飲食,正面,86,課堂主題圍繞著台灣傳統習俗，期末時的小組作業我們選擇滿月禮來設計新的菜餚。還要針對每一組分配到的人物（各組人物的身體狀況不同）調整菜餚的成分，除了需要創意也需要跟組員溝通。
請生成醫務管理生涯規劃課程的正面心得並限制在119字內,醫務管理生涯規劃,正面,119,課程內容主要是透過老師上課播放影片、邀請學長姐分享、同學上台報告、團體報告等來進行，其中印象最深刻是老師請了很多以前的學長姐回來分享他們的研究所或是工作經歷，實際聽到後讓我對未來的求學生活更有方向，課後也可以像學長姐請教問題，讓我收穫良多
請生成醫療機構財務管理課程的正面心得並限制在123字內,醫療機構財務管理,正面,123,老師上課很有趣，會利用各式案例讓我們了解財管的實際運作、並於課堂上教導我們如何使用公式來計算，透過財務報表分析，了解一間企業在財務營運上出現哪些問題，並針對其財務問題進行改善。修完這堂課使我瞭解財務管理的理論與其實務的運用以及具備實際操作的技能。
請生成醫療機構全面品質經營課程的正面心得並限制在126字內,醫療機構全面品質經營,正面,126,這堂課使我學到推行醫院品質管理所需的組織架構、團隊運作、理論及品管工具等等。了解醫療品質的推動除了需要醫師的支持外 ，還需要透過各式多元化的品管工具、教育訓練的配合才能推動有效的品質改善活動。希望未來能將所學應用在醫療機構所面臨之各種品質經營的問題上。
請生成紅樓夢賞析課程的正面心得並限制在81字內,紅樓夢賞析,正面,81,鄭穎老師人很好也很用心，學期間還會帶大家去故宮博物院進行參觀，助教也很認真，還開放我補考的機會。總之就是一堂值得修的課，涼涼的，不會對必修課程造成負擔，讚讚推推！
請生成中醫概論與中醫保健課程的正面心得並限制在83字內,中醫概論與中醫保健,正面,83,ppt都會上傳到portal，期中期末報告可以下載來做參考；課堂會有把脈教學、做香包、氣功等。 如果都有去上課、報告都有達成每一項要求的話，學期成績95以上不是問題。
請生成英語文學與閱讀課程的正面心得並限制在94字內,英語文學與閱讀,正面,94,個人建議：如果期中沒考好上課QA的15%盡量多回答。 課堂的QA都沒有很難有時候是簡報上會有題目、有時候是口頭問問（像是紅色象徵什麼、他講這句話的心情是怎樣等等），大概講到幾乎就會給過了。
請生成財務管理課程的正面心得並限制在80字內,財務管理,正面,80,財務管理中教的現值、終值，中會也會用到，整體學起來不會到很困難，只要上課聽一下，盡量不翹課、點名時都有到、考到隨堂考，老師給的考卷多寫幾次，基本上都能輕鬆通過。
請生成自由車課程的正面心得並限制在87字內,自由車,正面,87,涼課，老師快退休了，趁還能選的時候趕快選！要翹課的話，不要被發現了，老師會唸，而且很注重出席，可以的話，多跟他聊天，他喜歡跟年輕人聊哈哈哈哈，讓他對自己比較有印象對分數有幫助
請生成化妝品概論與應用課程的正面心得並限制在92字內,化妝品概論與應用,正面,92,覺得真的學習到蠻多化妝品的知識，平常真的不太會接觸這些，也更了解自己的膚況，以及看化妝品的成分，用這兩點找到更適合自己的化妝品，讓皮膚更好。不過期末走秀有點羞恥就是了，然後上課不算涼。
請生成企業倫理與社會責任課程的正面心得並限制在93字內,企業倫理與社會責任,正面,93,每一堂課幾乎都會有小組討論，有時候會有作業 要做簡單的ppt，下週抽組別上台報告（很輕鬆 不需要花很多時間）。期中是1500字心得，期末是小組的實作，都不難，很推！老師人很好，也很可愛！
請生成國際金融課程的正面心得並限制在116字內,國際金融,正面,116,整個很像是在碰運氣與老師想要講完就下班的十八週，預測報告很沒意義，最後從中學到預測的學識是零，考試只要讀題庫就能過，期中期末的題目根本就是複製貼上，毫無挑戰性，要不是有要求根本不想選這堂，但如果想刷分真的可以來，這堂學期分數99過。
請生成日本文化概論課程的正面心得並限制在119字內,日本文化概論,正面,119,老師上課時會有授課時的規範，基本上只是維持課堂秩序的規則，只要遵守規則並都有出席，基本上很好通過。期末考題不難，上課有聽講再加上回去稍微複習應該都會，如果想要考高分建議上課可以做筆記或拍照，因為有些投影片沒有上傳到網站。總之，是一堂涼課。
請生成健康管理課程的正面心得並限制在120字內,健康管理,正面,120,蠻好混的，作業都交，考試都有去考，不要翹課翹的太誇張，都能拿到高分，期末還有四題加分題，其中一題問老師的名字。 我自己就翹了四、五堂，但課程作業都90以上。 考試不及格老師也會線性調分，但也不要考的太差，如果前面同學考太高，調分就調不了多少
請生成圖論課程的正面心得並限制在108字內,圖論,正面,108,輕鬆好過，不點名且會錄影，不用特別去上課。因為有外籍生跟本地生，教授會一遍中文一遍英文，每次上課會先複習上次內容。平常上課會透漏期中期末題目，基本上就考這幾題。教授人超好最後期末會大調分，基本上躺著過，選到學分賺到！
請生成電腦與網路安全概論課程的正面心得並限制在87字內,電腦與網路安全概論,正面,87,這堂課真的涼，好爽，但分數的標準蠻獨特的，無法抓出老師的標準，但如果有好好寫的話，基本上都有80分。 幾乎可以不用去，但作業要寫，就四次課後練習的作業要寫而已，其實那也不難。
請生成智慧物聯網課程的正面心得並限制在89字內,智慧物聯網,正面,89,很有趣，有學到實作的感覺 給分也不低 作業老師都會給基本程式碼 通常改個幾行就能過 要報名比賽，得名會加分 期末project三人一組做專題，demo可以到學期結束後所以時間充足
請生成越南語(一)課程的正面心得並限制在84字內,越南語(一),正面,84,在這堂課，可以學習到越南語日常用語，以及越南的文化，老師會讓每個人都上台報告，每節課也會有TA教我們怎麼唸，一定要開口說，上課要認真，有舉手回答問題，老師給分通常不低。
請生成近代物理(一)課程的正面心得並限制在94字內,近代物理(一),正面,94,作業占20%，一定要交，不要抄別人的。 作業會出五六次，寫作業的過程可以重新複習觀念，不懂的地方可以在office hour問助教。 有問題也可以私訊老師，課間也可以向老師提問（可以加分）
請生成機器人概論課程的正面心得並限制在83字內,機器人概論,正面,83,其實蠻開心的，認識很多真的對機器人有興趣的同學，然後自己完成一個專題蠻有成就感的。老師上課其實講解很細，所以不用害怕聽不懂，只是可能要敢講英文一點，才會溝通比較順利。
請生成問題創意思解課程的負面心得並限制在89字內,問題創意思解,負面,89,覺得很像一直在跟老師鬥智鬥勇。一開始老師會說要發明一個市面上沒有的產品，最後卻會要求你找到符合產品的專利，然後期末專題雖然還有其他教授打分，但該教授不打分給助教打分才是最奇怪的。
請生成基礎程式設計-數據分析入門課程的正面心得並限制在149字內,基礎程式設計-數據分析入門,正面,149,我覺得這位老師非常看人，如果想要拿高分的，就不要選這門課，除非小考和期中末都考很高，成績就會很好看。我班上的同學一開始上的時候也很不習慣，但上到後面就會習慣了，也有那種完全接受不了的，被當的也有，所以上這門課要認真點，最好不要想偷爛。我個人不建議沒上到任何一堂課，因為一旦斷掉了，就會難補的回來了。
請生成藝術與設計創作（一）課程的正面心得並限制在88字內,藝術與設計創作（一）,正面,88,這堂課學到光雕，如何用投影去呈現，運用光雕來思考影像是一件蠻有趣的課程，也讓人知道這個光雕項目是如何去完成的以及需要多少時程與功力。讓學生可以思考及訓練一個完成一項工作的技能。
請生成商業分析概念與工具課程的正面心得並限制在143字內,商業分析概念與工具,正面,143,"本課程為大數據分析的基礎實作課程。目標是培養學生成為商業數據分析師，能以Microsoft的套裝工具如Excel, Access, Power BI進行資料探索、資料管理、資料分析、以及資料視覺化。透過零售業與電信業的實際大量數據分析，學生將可更了解此二產業的數據資料特性以及分析主題。"
請生成衍生性金融商品課程的正面心得並限制在110字內,衍生性金融商品,正面,110,這門課是屬於那種考試很輕鬆的那種，那就會變成平時在上課的時候，就會要非常有定力的聽，不然很容易會想耍廢，就真的要很認真跟著老師的速度在走。但其實老師人也挺好的，就是如果有甚麼問題，他是屬於那種看到同學來，會很開心的那種。
請生成金融科技創新課程的正面心得並限制在112字內,金融科技創新,正面,112,這位老師的期中末都會提前一個禮拜給大家大概會考的題目，大家可以把答案抄在a4紙上(只能手寫)，如果想修些廢課賺學分可以選這門，很輕鬆，但是如果認真上的話，還是可以學到東西的，老師很喜歡上一上，開始教大家看股票趨勢和分析股票。
請生成鄉土音樂課程的正面心得並限制在99字內,鄉土音樂,正面,99,這門課很輕鬆，但老師很愛點名，所以可以去坐在那裏放空，甚至還可以睡覺，只要不要講話被老師看到。但是這個老師教的東西也挺好玩的，我知道歌劇和音樂劇的差別，還可以看很多有關音樂的電影，老師喜歡邊看邊講。
請生成英語文學與閱讀課程的正面心得並限制在108字內,英語文學與閱讀,正面,108,我覺得如果很喜歡希臘神話的可以來這門課，妳可以學到很多東西，而且也會播影片給我們看，藉由影片更了解。老師會在上課的時候問大家問題，如果沒人回答她，她會小生氣，所以如果會就回答，答案都不會很難，不管答對答錯都可以加分。
請生成程式設計課程的正面心得並限制在101字內,程式設計,正面,101,為未來四年的程式語言打好基礎，因為用的軟體是processing，所以將來如果在做互動裝置等等都會時常用到，也學到很多關於程式設計時的功能，老師會教基礎的，如果將來需要更深入，自行研究起來也不會太困難。
請生成計量經濟學課程的正面心得並限制在85字內,計量經濟學,正面,85,這堂課非常不輕鬆，應該是財金少數的硬課之一，而且老師上課節奏偏快，要能夠適應。期中考期末考也不容易，不過最後好像會用期末報告調分，所以考試沒考好沒關係，報告一定要認真做。
請生成經典導讀課程的正面心得並限制在84字內,經典導讀,正面,84,像是高中國文課的感覺，但老師一整個學期都會著重在道德經的部分，所以如果每週都有去上課，基本上會把整個道德經的故事都聽過一遍，很輕鬆，上課就像在聽故事一樣，有些也很有趣。
請生成輕鬆優雅學易經：中華第一奇典入門課程的正面心得並限制在114字內,輕鬆優雅學易經：中華第一奇典入門,正面,114,學習如何看卦象、各個卦象的名字背後的意思，在日常生活如何解釋卦象等等的能力，課程中需要不斷地做筆記，也因此有別於其他的通識課，該課程能夠確實的學到東西，也會教一些比較特別的卜卦方式，所以出了教室你也可以自行幫朋友卜卦，蠻特別的。
請生成美學課程的正面心得並限制在100字內,美學,正面,100,學習到如何用不同角度看待一件作品，甚至是日常生活，老師會舉很多範例，告訴你這幅畫背後的創作動機等等，以及主要是教導大家所有人在看待排隊的時候會有不一樣的感受，需要彼此去尊重、欣賞，才能夠延續美的本質。
請生成資訊概論課程的正面心得並限制在91字內,資訊概論,正面,91,對打基礎非常有幫助，未來四年包括小畢製、畢製等等都會需要用到這些技能，若在課堂中有好好做筆記，未來實際需要用到該工具的時候都非常方便，老師教的內容也有助於創意思考和主題的發想等等⋯。
請生成島嶼、族群與文化課程的正面心得並限制在133字內,島嶼、族群與文化,正面,133,這門修課讓我深入瞭解臺灣文化的發展歷程，像是地名的演變、每個地方信仰崇拜...，聽聽以前的故事，了解以前的文化。尤其去校外參訪時，實際的去走訪原中壢醫院的故居、綠苑和老街溪河川教育中心，更加深我對中壢這個地方的印象。老師人也還不錯，大家報告完，也會告訴我們他的想法。
請生成商事法課程的正面心得並限制在98字內,商事法,正面,98,這門商事法課程的學習經驗讓我對商事法有了更全面的認識，透過老師提供案例，讓我更容易理解商事法的內容，加深我對法條的印象，而且老師上課也會說有關其他種類的案例，不一定是有關商業的，那些案例也很有趣。
請生成台灣藝術史課程的正面心得並限制在86字內,台灣藝術史,正面,86,老師的課很輕鬆(很適合補眠)，該做的報告做一做，基本上都會過，主打一個佛系修課，上課可以抄筆記加分(如果出席率真的太低)，期末還會有低分警告，多半可以透過做報告補學期分數!
請生成管理學課程的正面心得並限制在116字內,管理學,正面,116,可以學到管理概論、組織文化與環境、規劃，決策與策略、組織創新，設計與變革、激勵與領導、團隊管理與溝通，學到的這些其實對做報告上是有幫助的，會知道該如何和同組成員溝通、分配工作、討論，又或是如果在一起做報告的時候出現衝突，該如何解決。
請生成日語（一）課程的正面心得並限制在81字內,日語（一）,正面,81,至少在上完這堂課後，日常中看的一些日文字都有辦法唸出來，甚至推敲出意思，雖然還不至於能對話，但對後面的課程都很有幫助，也能做一些簡單的自我介紹、和他人打招呼等等。
請生成經典導讀課程的正面心得並限制在91字內,經典導讀,正面,91,這堂課，非常好過，老實說我沒有特別印象了，還是大四時修的居然完全沒印象，我想可能是我很少去上課，但老師還是讓我過了，真的太謝謝老師了！然後期末有上傳老子道德經期末書面報告就可以過了吧
請生成輕鬆優雅學易經：中華第一奇典入門課程的正面心得並限制在85字內,輕鬆優雅學易經：中華第一奇典入門,正面,85,其實蠻好玩的，如果是缺經典的畢業門檻學分可以選，老師不太會管，考試也算簡單(講清楚一點就是看卦象然後用自己的理解編故事)，准不准其實沒差，就只是一種不同角度看事情的選擇。
請生成日語溝通技巧課程的正面心得並限制在88字內,日語溝通技巧,正面,88,上課過程很輕鬆！每堂課都能學到與時事貼近的日語單字！老師很親切，上課以日語為主要語言，偶爾會使用英語，是很有趣的老師。不論是期中考、期末考、小考，測驗方式都不會讓人感覺壓力大！
請生成老人福祉科技概論課程的正面心得並限制在91字內,老人福祉科技概論,正面,91,課程目標在介紹老人福祉科技的基礎與實際應用，深入思考相關產品與服務設計。藉由老師出給我們的報告和上課，我們可以更了解有關老人在日常生活中缺乏哪些工具，我們可以用科技解決老人的不方便。
請生成設計電腦繪圖（二）課程的正面心得並限制在142字內,設計電腦繪圖（二）,正面,142,我是轉學生，是跟一些過去被當掉或是沒修課完成的學長姐一起修課，這堂課有點像重修班，老師不會太嚴苛，課程中也不會太難，但還是要去上課才會跟上，也在課程中認識不同年級的學長姐，收穫滿滿～ 如果對設計有興趣的真的可以學到這堂，以後想走藝術的也別畏懼，未來在畫自己展場設計圖申請補助很有效喔！
請生成性別教育課程的正面心得並限制在110字內,性別教育,正面,110,以人類發展為主軸，從生理、社會、歷史、哲學、人類學與心理學的角度探討和學習者生活相關的性別議題。老師的ppt會連接到21本有關性別議題的書，如果認真上的話是可以學到東西的。每堂課都會有個主題，寫下自己的想法，當作簽到單。
請生成生死學概論課程的正面心得並限制在92字內,生死學概論,正面,92,就很涼的一門課，老師很常穿道袍感覺整個人就很仙氣飄飄，蠻酷的一個老師，人也很佛系，上課不太會管，因為第二堂課才會點名，也不會記學生，作業有交(都很簡單)然後點名不要缺太多基本上爽爽過~
請生成食品安全與生物技術課程的正面心得並限制在88字內,食品安全與生物技術,正面,88,學習生物科技與食安問題讓我更深入瞭解基因改良、基因實驗還有食品安全問題。 同時，也讓我更會考慮到相應的倫理跟注意看食品標示，這擴展了我對食品科學的認識，使我更具觀察與思考能力。
請生成匹克球課程的正面心得並限制在106字內,匹克球,正面,106,其實只要有到課及練習都會上手很快。課程內容跟網球相似，都是練習運球、正手及反手。練習完就是自由時間，要坐在旁邊休息或跟朋友打比賽都可。老師人很好，時常保持微笑，讓人覺得親切。要打球也可以跟老師打，老師會糾正動作。
請生成新興市場議題課程的正面心得並限制在90字內,新興市場議題,正面,90,這堂課最主要讓我了解到東南亞許多國家跟我們想像的都不同，甚至於比我想像進步的多，不管對於個人還是職涯來說都開啟很多想像的空間。最喜歡的是每一個國家講者的分享，每個人的故事都很精彩。
請生成影片中學英語課程的正面心得並限制在180字內,影片中學英語,正面,180,這堂課上我學習到了主要是英語的聽力與日常會話的常用詞句，相較於大一所學習到的比較正式的單詞與文法，影片中英文會話常常帶有文化色彩與地方特色，一些不常聽見的俚語或流行用語，以及不同族群所發展出來的口音，讓我覺得很新奇，並且還有一個正向的bonus，即是看了老師提供的影片(常為影集)，會很想要自己去找同系列的其他集數來看，算是另類地激發自己學習英文的一個動力吧。
請生成企業倫理與社會責任課程的正面心得並限制在94字內,企業倫理與社會責任,正面,94,上課是以分組坐，並且每次上課都會讓我們分組討論一些跟企業倫理道德相關的東西或是玩桌遊來讓我們更了解相關的知識運用。幾乎每週都有分組的討論作業，需要做成簡單的ppt，並且在下週只抽3組報告。
請生成線性代數課程的正面心得並限制在81字內,線性代數,正面,81,老師人很好！雖然上課的時候要跟著寫很多筆記，但有認真寫的話可以加分（字寫漂亮一點會高一點的樣子）。考試前老師也會先跟大家說大概要考的範圍，有認真讀一定可以拿高分。
請生成公司理財課程的正面心得並限制在194字內,公司理財,正面,194,這堂課並不輕鬆，但老師認真，期中期末考並不容易，期末還有英文填空(克漏字測驗)，期中有解釋名詞，雖然考試分數不會太高，班平均通常都不及格，尤其期末通常都蠻慘的，但老師學期成績調分幅度大，我估計我至少被調了20分，想要學期成績被調更多分，她上課問的問題要多舉手回答，老師問問題都會說Who can tell me ... ? 整體來說是堂不錯的課，如果想要學東西的話，但想來混的會蠻痛苦的。
請生成繪本賞析課程的正面心得並限制在80字內,繪本賞析,正面,80,上這門課放鬆了兩堂課也認識很多繪本，平常也不會接觸到繪本，有回到童年的感覺，要交朋友也可以去會分組，整體來說是一堂不錯的課可以選喔！！！！！！！！！！！！！！！
請生成微積分概論課程的正面心得並限制在92字內,微積分概論,正面,92,雖然我沒有很認真，但我還是拿到很高分，因為我有好好在課後複習，如果有問題可以在當場舉手問老師，老師人很好，我也因此不會有很大的壓力，總得來說這堂課過不了是你自己沒用心，不然就是沒救了。
請生成物理實驗課程的正面心得並限制在90字內,物理實驗,正面,90,我上了3次 示波器量測、三用電表、電源供應器很熟 基本上希望同學也要會 但同學大部分還是不會用示波器 然後實驗真的很麻煩 這會是你在大學必修實驗中 最麻煩的一堂課 後面不會這麼痛苦
請生成創意城市課程的正面心得並限制在240字內,創意城市,正面,240,我覺得就這門課來說實際上來說我並沒有太學到很多，上課相較上創意城市更像在上地理課，就不同國家城市進行介紹。評分標準自己是覺得沒有很明確，如果重來一次，我應該是不會修的。期中報告找創意的地方，我也是覺得創意這種東西是很主觀的，可能你覺得創意別人不覺得。期末的話，一開始老師並沒有幫我分到組，是寫信跟老師講才幫我分到的，所以其實感受不是很好。但是我知道老師人還是不錯的，如果有問題可以問她或者害羞可以寫信問她，並且她也鼓勵英文程度不好的同學發言。 補:我最終成績為87分(7/18)。
請生成組織理論與行為課程的正面心得並限制在80字內,組織理論與行為,正面,80,好像沒有特別學到什麼，但就每個禮拜去聽他搞笑，然後跟旁邊的聊天。考前認真的把小考題目背起來，考試要小心他故意拼錯字的選項不要選到。坐第一排都會被他逼著跟他聊天。
請生成法學緒論課程的正面心得並限制在84字內,法學緒論,正面,84,只要對法律有興趣、上課願意聽、回家也願意讀指定用書，我覺得是能考很好的（但蠻多人成績不理想，所以想修的要三思），總而言之這堂課開啟了我對法律的興趣，所以我自己是很滿意。
請生成衍生性金融商品課程的正面心得並限制在83字內,衍生性金融商品,正面,83,對衍生性金融商品有了基礎的認識，會計算期貨等產品的價格，因為是全英文上課，感覺自己英文在與衍生性金融商品相關的東西上有所提升，也認識了一群金融相關知識非常強的同學們。
請生成資訊社會下個人資料保護法課程的正面心得並限制在101字內,資訊社會下個人資料保護法,正面,101,老師上課時內容講得有趣生動，會提很多案例幫助理解，還會比較各國法律規範的不同。考試不會太難，唯一就是要背法條有點麻煩，但因為個資法法條也不多其實也還可以。老師講得蠻詳細的，如果對個資法有興趣的人可以選！
請生成計算機圖學課程的正面心得並限制在107字內,計算機圖學,正面,107,能夠學到很多C++的知識 因為大一學的幾乎都忘光光了 然後會學到一些電腦圖學的相關知識 你會對電腦圖學的一些圖像生成有更多的了解 也會對電腦系統處理圖學的一些流程更佳的清楚 更重要的是你會知道如何自己去編寫一個程式
請生成管理與美好人生課程的正面心得並限制在159字內,管理與美好人生,正面,159,得到心靈的一些開拓 算是在不同的領域主題中找尋到一絲自我 像是於職涯的方面上 老師便有叫我們測問卷 此部分有讓我檢視到自己的能力以及反思自己的不足 印象深刻的老師說了一句 「不要同時做很多事情，專注於一件即可」 有時候我們會想考多益 考研 考證照 把自己逼到絕境 然其實可以分階段 以更有效率地做好每個點該做的事會更好
請生成運算思維與程式設計課程的正面心得並限制在81字內,運算思維與程式設計,正面,81,這堂課基本上不看出席，如果是有程式基礎的人可以不用來，老師會把課程大綱以及每個禮拜的投影片放在網址上，但是不太清楚老師的評分標準，是一堂輕鬆但分數普通的通識課程。
請生成文學概論課程的正面心得並限制在85字內,文學概論,正面,85,考試都是補充講義和課本內容，考前一兩天把專有名詞被精熟，基本上不會被當，上課真的很輕鬆，老師偶爾會分享一些故事和生命經驗蠻有趣的，但課本內容真的很無聊抽象，有興趣可以選。
請生成社會學課程的正面心得並限制在120字內,社會學,正面,120,這堂課小考分數佔了80%，總體而言挺輕鬆的，只要每個禮拜上課前看過考試範圍（兩單元），小考就不會太難，老師都是一上課就會開kahoot考試，不能遲到太久不然會考不到。 而且老師人超好的也很有趣，最後一堂課結束後他還邀請學生一起去喝咖啡聊天。
請生成商事法課程的正面心得並限制在86字內,商事法,正面,86,老師上課講的很好，也有自己的ppt，第一次碰法律的人也不會太有負擔，老師期中考與期末考前一堂課結束的時候，都會幫我們複習考試範圍，他會把會考的地方點出來，所以考試不會很難。
請生成民法概要課程的正面心得並限制在91字內,民法概要,正面,91,老師會用自己的簡報上課，簡報裡面很豐富，會塞滿案例跟法條，這個老師真的非常有趣，而且人也很好，點名通常會提前告知，期中期末也是考課本裡面的例題，期末還大放送，期末考可以看老師的簡報。
請生成世界通史一（上古-近古）課程的正面心得並限制在83字內,世界通史一（上古-近古）,正面,83,可以加強英文閱讀能力，從教科書可以得知目前史學家對某一段歷史的詮釋，並且學習與其他人團隊合作。這一學期主要有五個主題：人類古文明、印度古文明、希臘文明、羅馬、美洲文明
請生成中國通史課程的正面心得並限制在91字內,中國通史,正面,91,這門課的上學期教了中國近代史家學派、史前至東漢，期中考與期末考大都是國史大綱的內容以及上課補充的學者的論點，另外一本的中國通史作為小考使用，主要用意為是否有另外花費時間讀課程相關書籍
請生成臺灣通史（一）課程的正面心得並限制在92字內,臺灣通史（一）,正面,92,這門課可以學習到老師特殊的史觀，經過多次摘要作業後，可以具備基本的掌握期刊重點，期刊想要傳達的意涵，對想要具備史學功力的人是個基礎課程，另外可以在課堂上跟老師有更多的互動，讓老師記住你
請生成繪畫藝術與科學方法課程的正面心得並限制在98字內,繪畫藝術與科學方法,正面,98,這堂課非常的輕鬆，只要期中期末前去拿畫圖紙，老師會在數位學苑上傳教學影片，看著影片著色就好，老師也會在數位學院公布期中期末繳交時間，整學期只要交兩張畫就好了，非常輕鬆，如果十張全交總成績會加五分。
請生成精神醫學與現代生活課程的正面心得並限制在125字內,精神醫學與現代生活,正面,125,每堂課都會請不一樣的老師來上課，在醫院裡不同領域的醫師或護理師，認真聽課可以學到很多知識，期中期末考有一定的難度，很多問題都考很細，但總成績有一半在出席以及平時分數上，有些是回答問題加分，或是會發紙回答問題，只要出席率不低，期中期末考差應該也還能過。
請生成邏輯與思維課程的正面心得並限制在82字內,邏輯與思維,正面,82,老師上課時會提出許多邏輯題目，也會給大家思考時間，會點自願的人回答問題，並詢問解題過程，最後會再講解一次，整體來說挺輕鬆的，對邏輯思考有興趣的話上這堂課會挺有趣的。
請生成憲法課程的正面心得並限制在283字內,憲法,正面,283,還算蠻充實的課，個人認為老師教課方式不適合單純只想考國考者，但對法律學術略有興趣不妨考慮，因為老師的上課方式是給你不少資料，而且讓你知道某處有某問題，但不會直接告訴你答案。 具體來說，老師會用教科書上課（而非整理好的講義），勾選註解的一些代表性文獻建議日後閱讀，或是在教科書段落旁邊叫我們寫下一些問題，偶爾也會指定閱讀一些文章。老師有教過補習班，因此有關考試方面還是會有所幫助，比如考卷檢討時會建議審題架構、撰寫方式。 開學第二堂課就直接帶全班讀憲判字，讓大家及早習慣。 最有趣的是，大二以上修課人數比大一還多，可見老師應該給分滿甜的，大概是不少被大刀當掉的來重修。
請生成作業管理課程的負面心得並限制在110字內,作業管理,負面,110,這堂課每堂課都會點名，有時候會一天點好幾次，每個禮拜都要花很多時間寫作業，而且作業蠻難的，期中期末雖然是開書考，但平均都只有50左右，然後老師用奇怪的線性調分法，看起來是固定會當1/4的人。非必修別選他、是必修也別選他。
請生成東南亞多元與發展課程的正面心得並限制在99字內,東南亞多元與發展,正面,99,老師每堂課都會分享關於東南亞各種方面的知識，也會發許多相關資料，期中的時候有請他老公來教書目軟體的使用，好好學習未來能派得上用場，期末最後一堂課的時候老師才說全勤算是加分，所以偶爾缺席影響不會很大。
請生成大學英文課程的正面心得並限制在83字內,大學英文,正面,83,這堂課老師顧及學生的英文程度，教的內容都很基礎，口說報告時老師也會鼓勵我們講英文，所以無論是聽力閱讀或是口說差的人，只要認真分數都能很高。平常上課會隨機點人回答問題。
請生成文學詮釋與生命哲學課程的正面心得並限制在261字內,文學詮釋與生命哲學,正面,261,很涼的課！上課不用做筆記，也不用準備期中、期末考，只要交一篇個人期末報告就好。 老師上課的選文以近代的中文創作為主，像這學期她有選曹麗娟的童女之舞、梁實秋的白貓王子等。我很喜歡老師上課所選的文章，感覺這堂課應該滿適合平時就喜歡讀文學作品的人。 而且老師給人的感覺真的很溫柔！她上課很常和我們分享一些小故事，例如：初戀、兒子買巧克力送喜歡的同學、去和小學同學聚餐後的感想。不得不說，惠玲老師真的很會講故事，在聽的時候可以很生動地聯想到她所講述的畫面，並不知不覺地被她的情緒感染。這真的是一堂非常非常放鬆的課程，建議大家去選～
請生成兩岸關係與國際政治課程的正面心得並限制在140字內,兩岸關係與國際政治,正面,140,"基本上上課都要出席，雖然只占學期成績30%,但無故缺席三次就會被當。上課完全不能用電子產品，就算是平板或筆電，也會被老師點名問你在幹嘛。對政治有興趣的人會學的上課很有趣，老師教的方式有很風趣,所以認真上兩個小時不碰手機也不會覺得無聊，缺點是老師每次都回晚下課，中間也沒有下課時間。"
請生成都市地理與地方創生課程的正面心得並限制在89字內,都市地理與地方創生,正面,89,這堂通識總共有三學分，大部分的課堂都是前兩節上課，最後一節是小組討論時間，老師在學期中會安排一些課堂講座，最後都會有實作活動，還有校外參訪，課程有趣不枯燥，但期中報告會比較辛苦。
請生成傳記文學選讀及寫作課程的正面心得並限制在99字內,傳記文學選讀及寫作,正面,99,看同學間討論這門課蠻有趣的，前半學期基本上沒事，後半學期除了作業有點多（因為可以補交都堆到期末才寫），是沒有壓力的一堂課，給分也不差，參加辯論賽、寫額外的作業可以加0-10分以上，但總分落差也頗大。
請生成電子學(2)課程的正面心得並限制在91字內,電子學(2),正面,91,電路學變好了許多，對mos的設計有了進一步的認識，期中考大家考太爛全班加了15分，但其實期中期末都不難，助教人很好，教授很chill，不太會當人，但也要唸書別太混，有小考再到也可以。
請生成法律與生活課程的正面心得並限制在93字內,法律與生活,正面,93,原本以為法律課會很無聊，結果真的很無聊，但上課可以做自己的事情，所以覺得還好。期中和期未報告也沒有想像中的難，老師人也很好。不喜歡被Q到的就不要坐最後面一排，老師很喜歡問最後面同學問題。
請生成計算機概論課程的正面心得並限制在96字內,計算機概論,正面,96,上課舉手加分加爆，沒有什麼好說的，這個老師就我所知上課都會把要考的東西都講完，上課內容也不會到太多，所以說課程非常簡單，但電子系還是會有很多人太混被當，老師救也救不起來。總結來說是微紮實的甜課
請生成政治學與現代公民課程的正面心得並限制在131字內,政治學與現代公民,正面,131,啟發了我很多自身對於政治的想法，因為在上大學之前我對政治非常冷感，家裡也都是各深顏色，沒有人可以一起慢慢討論當代政治，但修了這堂課我才發現，老師很樂見於發表自己的看法與真實感受，而且我也從他身上學到每個人都可以有不同立場，不過在表達自身立場時也要尊重別人的立場。
請生成邏輯設計課程的正面心得並限制在80字內,邏輯設計,正面,80,學會運用其它學校的開放式課程學習，老師教的很快，沒有慧根就等著重修，應該是大一最容易被當的科目，記得把握好小考及期中考，上課認真聽，老師會調分，但最好不要期待。
請生成生醫材料概論課程的正面心得並限制在82字內,生醫材料概論,正面,82,老師上課非常輕鬆又有趣，可以學到很多相關知識，即使是不同學院的去修都不會感到負擔，大家上課風氣也不錯都很認真，啊不認真的另當別論，基本是不會當人的，想修的非常建議！
請生成溝通技巧與領導統御課程的負面心得並限制在90字內,溝通技巧與領導統御,負面,90,幾乎沒有學到任何東西，就是拿來補眠的課程，如果想要學到東西千萬不要修，如果每天很累想睡覺可以修，如果想翹課出去玩不要修，記得可以早一點到教室搶後面的位置，才不會被他上課的聲音吵到。
請生成近代東亞的歷史變遷與發展課程的正面心得並限制在80字內,近代東亞的歷史變遷與發展,正面,80,學習到歷史研究的脈絡，對於各個國家的制度文化為何如此發展有更詳細的理解，做報告以及口頭報告的能力會提升很多，一學期的報告量非常多，不喜歡報告的不要選，分數不甜。
請生成影像中的社會與文化課程的正面心得並限制在81字內,影像中的社會與文化,正面,81,原本看電影時沒有想這麼多，老師會介紹電影的各種架構，主要介紹後設電影，電影與觀眾的互動等等，是一堂非常具有藝術與哲理的課程，累的時候還可以睡覺，是還不錯的一堂課。
請生成生理學實驗課程的正面心得並限制在80字內,生理學實驗,正面,80,每周都有不一樣的實驗可以做，如果是喜歡動手操作以及動腦思考實驗操作的同學會非常喜歡，只是要寫結報是非常痛苦的事，尤其當你的實驗結果不如預期，就要花很多時間解釋。
請生成解剖學實驗課程的正面心得並限制在89字內,解剖學實驗,正面,89,上課那天的早晨絕對要買一杯美式咖啡來補充體力，實驗課的時間非常寶貴，一定要把握時間把大體老師搞熟，不然通常下課後你也不知道要怎麼複習，只能看跟實際情況很不一樣的解剖學圖譜來讀書。
請生成普通生物學(1)課程的正面心得並限制在89字內,普通生物學(1),正面,89,之前沒看到小考成績會佔很多，所以完全亂考，注意小考是要念的，可以幫總成績拉不少分數，老師上課很小聲，所以不要太吵一直講話，會吵到別人，老師上課認真細心，只要認真聽，會有許多收穫。
請生成普通化學課程的正面心得並限制在83字內,普通化學,正面,83,老師上課很認真，每個單元都會細心講解與帶題目，算是非常紮實的一門課，如果想要轉學考，有需要普通話學的課程，可以來修，還有老師能夠幫你解答問題，只是時不時會點名有點煩。
請生成倫理與美學：電影與戲劇中的莎士比亞課程的正面心得並限制在85字內,倫理與美學：電影與戲劇中的莎士比亞,正面,85,最有印象的是期末要拍影片，當時因為組員不利，所以要自己編劇、導影片、剪影片，雖然剪出來的影片沒有到完美，但還是學習到很棒的影片製作經驗以及選擇組員的經驗，所以組員請慎選。
請生成運算思維課程的正面心得並限制在121字內,運算思維,正面,121,對於電腦白痴來說，真的很難，學都學不會，下課老師會偶爾給練習題要同學回傳，但是到期末考還是幾乎不會，我覺得應該要每堂課都錄影這樣方便課後回放複習，不過感覺的出來老師不想當人，只要沒有缺勤、作業按時繳交，即便上機考試考的不及格老師也會盡力調分。
請生成文學中的現代軌跡課程的正面心得並限制在138字內,文學中的現代軌跡,負面,138,個人報告跟期中期末考成績很難高於90，基本上就是介於70-80，而且小組報告跟一群不熟悉的人很難真正的表達意見，每堂課一組別報告完會有Kahoot當作出席標準，還有老師會希望同學可以預習，但真的每次要閱讀的文字量太大了。
請生成現代公民的社會學想像課程的正面心得並限制在194字內,現代公民的社會學想像,正面,194,這門課不愧是大家流傳最硬的課，而且給分非常不甜，除非你是每節課都坐最前面並且踴躍發言，不然基本上分數都不高，其中小組報告佔分很重，助教也會以當天討論人數來記錄出缺勤，建議至少每週的第二三節課都要到，組員非常重要，還好我們當時遇到很罩很給力的組員，而且助教跟老師人很好，會參與討論，主題式報告的話真的是要卯起來寫，當時我跟同組別的同學期末成績差距就是用主題式報告拉開的，建議選好發揮的主題。
請生成企業概論課程的正面心得並限制在112字內,企業概論,正面,112,這門課對於大一剛入學的新生來說是很好認識系所老師以及其專業領域的機會，因為上課內容每位老師會依照自己的專長來做介紹，因此同學可以透過課程對該領域有初步的了解，但要切記每週的課程要記得是哪位老師以及上了什麼內容，需要上傳心得。
請生成經濟學(1)課程的正面心得並限制在109字內,經濟學(1),正面,109,課程是使用原文書，因此如果可以購買中文的經濟學課本會比較易於理解，課堂小考與期中期末考幾乎都是中文出題，所以平時除了看課本外可以做一些題庫，由於經濟學本身對社會組較友善，因此班上同學都考的不錯，學期成績自然也不會太低。
請生成微積分(1)課程的正面心得並限制在94字內,微積分(1),正面,94,是承接高中微積分，所以一開始銜接並不會太難，課本沒有強制要購買，當時是用學長姐留下來的二手書，不過版本較舊裡面的練習題也不一樣，建議可以跟同學一起合買一本就好，而且還有個缺點就是沒有解答。
請生成解剖學實驗課程的正面心得並限制在87字內,解剖學實驗,正面,87,有些人會害怕跟大體老師一起上課，其實也是挺震撼的，但沒什麼好怕!老師們是很敬業的人，但護理系只能看醫學系剖過的內容，所以偶爾會遇到不完整的構造，就還要再去別台看看其他大體老師
請生成人類發展學實驗課程的正面心得並限制在87字內,人類發展學實驗,正面,87,非常好玩的一堂課!還可以實際接觸到小朋友，把上課的所學使用出來，幫小孩測試、算分、寫評語同時也練習和家長的溝通方式，這些都對未來很有幫助。記得跟組員分估合作會進行得比較順利!
請生成基礎英文(A)課程的正面心得並限制在93字內,基礎英文(A),正面,93,透過老師上課時大量的使用英文而練習聽力，配合講義也能達到適合大學一年級的英文程度訓練，老師的口音沒有很道地但也還算標準，上課不能睡覺或做其他事情~整體而言負擔不會太重，就好好配合老師即可
請生成感測器原理與應用課程的正面心得並限制在81字內,感測器原理與應用,正面,81,因為人數比較多，所以沒有實作，但是老師會有實體的東西給我們看，有教基本的電子學了，不難，對於電子系來說都是上過的內容，期中期末的考題老師在上課會講，也會給考古題。
請生成嵌入式系統實驗課程的正面心得並限制在98字內,嵌入式系統實驗,正面,98,以樹莓派做為課程的核心基礎，搭配硬體設備與模組，做相關硬體驅動與軟體控制實驗，讓學生了解Raspberry Pi硬軟體控制原理、方法與嵌入式系統之開發與應用，重點方向為智慧物聯網、通訊領域之發展。
請生成日文 一課程的正面心得並限制在148字內,日文 一,正面,148,課程內容包含50音、片假名、平假名、單字、基礎文法。期中考前以老師自編教材為主，內容為50音的平假、片假名寫法。期中考後教材使用《大家的日本語初級I（改訂版）》，內容包含單字、文法、聽力練習。 此課程每週上課前有小考，但分數不會太難拿且有問題老師皆會回答，對日文有興趣但沒有基礎知識可選修此課程。
請生成工程數學 二課程的正面心得並限制在90字內,工程數學 二,正面,90,工程數學基本概念，包含傅立葉轉換及拉氏轉換，教的大部分是基本概念，但考試會考一些比較沒看過的題目，但是通常有看完影片，讀熟講義，應該是沒什麼問題，如果講義沒讀熟，那基本分就拿不到。
請生成電子學 一課程的正面心得並限制在84字內,電子學 一,正面,84,電子學是電機工程學系必修科目，也是其他實驗及專業科目的基礎，江老師的課會從頭開始慢慢教，跟上進度可以學到很多，只是上課不可以亂睡覺，他會叫你起床念課文會叫你直接回家睡。
請生成三國的大數據時代課程的負面心得並限制在84字內,三國的大數據時代,負面,84,沒學到什麼有用的技能，頂多對三國有更深的印象，真正有用的可能就是報告和小組隊員溝通、做報告，基本上上課就是看影片，拿分數蠻好拿的，課上要做其他事也可以，只要不要太誇張。
請生成資訊安全導論課程的正面心得並限制在90字內,資訊安全導論,正面,90,老師上課不太會管同學在做什麼，只要不要講話太大聲就好，課後作業也不太多，期中是老師讓我們回去解資安的題目，基本上網路上都能找到答案，期末也是open book，可以輕鬆拿到90分。
請生成在地關懷與英語敘事力培養課程的正面心得並限制在179字內,在地關懷與英語敘事力培養,正面,179,老師讓我更勇於在大家開口說英語，在英語寫作上也精進很多，課堂可以隨時發問講話，氣氛很好沒有壓力，而且出去玩的地方，像是壯圍沙丘、宜蘭美術館、宜蘭人文故事館、圓山機堡等等，都是平常不會去的地方，真的很有趣。老師也很替我們著想，筆者剛好在準備托福考試，老師就有分享準備方法，課堂中有外籍學生，老師也給筆者當翻譯(學伴)的機會。 總之老師給分很甜、人很好，快選!!
請生成電磁學課程的負面心得並限制在138字內,電磁學,負面,138,在這堂課當中，如果自己沒有一定的數學基礎，例如微積分、線性代數、工程數學等，老師不會另外提醒你，他認為這不是他該教的。還有上課內容單純只上課本內容。總共考四次，前兩次是最簡單的，高中就有教過的向量，盡量拿分吧，後兩次考空間中體積，我是直接放棄，但我因為前兩次分數高所以有及格。
請生成電路學實驗課程的正面心得並限制在115字內,電路學實驗,正面,115,因為剛好在修電路學，藉由這堂實驗課，我們可以驗證一些電路學中的簡單定理或定律，像是歐姆定律、功率分析、磁耦合等等。每2人一組，老師上課會發學習單，做出他要的內容後給他檢查完就可以提早下課了，這堂課雖然是必修但老師也不為難人 很佛。
請生成自動控制實驗課程的正面心得並限制在128字內,自動控制實驗,正面,128,老師上課都是在教MATLAB，教一節後給各位練習個20分鐘左右，有認真聽的會覺得不難，期中考跟期末考都可以開書考，程式碼寫在紙上所以基本上都是幾行而已很簡單，複習的時候做個標記(如書籤)，考試時就很好找答案了，書可以找學長借或是去圖書館借一下就不用買了！！
請生成物聯網互動設計課程的正面心得並限制在113字內,物聯網互動設計,正面,113,透過這門課學到了python和樹梅派，雖然以前有學過arduino，但在人工智慧物聯網中學會把全部做結合。也學到了很多以前沒接觸過的東西，像是溫溼度感測、電子紙、聲源定位等等。最重要的是這堂課不用考試，基本上就是有出席就能過。
請生成晶片原理與應用課程的正面心得並限制在125字內,晶片原理與應用,正面,125,基本上第二節上課才點名，所以蠻多人都第二節才來的，教授教的基本上都蠻深入的，但類似的內容也都會講好幾周聽著聽著就會理解一點了，真正要考的內容會在考前一周說，所以考前一周一定要認真聽要考啥，再來筆記有算分，想拚高分的字跡要寫好看點，筆的顏色要多種一點。
請生成民主法治與生活課程的正面心得並限制在125字內,民主法治與生活,正面,125,一學期會看四部電影，對我來說我覺得我聽到了很多有趣的故事，也更了解了一些台灣以前的背景，在老師的故事中也能觀摩到各方面的政治人物。這堂課讓我看到民主法治生活都是前人流血拼命換來的，得來不易須好好珍惜，但鐘老師的課真的超佛，完全沒報告的通識課，超讚的。
請生成理論與實務課程的正面心得並限制在91字內,理論與實務,正面,91,在這門課中真的學到很多實用的知識跟想法，跟基礎科目不同，這門課上到的東西是業界實際會用上的 其中有教到物聯網，大數據、人工智慧、PLC程式撰寫等，這些都是我們學電機或資工都會碰到的。
請生成智慧機器人實務課程的正面心得並限制在150字內,智慧機器人實務,正面,150,透過這門課學到了python和樹梅派，雖然以前有學過arduino，但在人工智慧物聯網中學會把全部做結合。也學到了很多以前沒接觸過的電子模組與程式撰寫的技巧，像是人臉辨識、OpenCV影像處理的技術等等。 程式碼也可能會被夜間部的人直接拿去用或是修改，但有些人的電腦裡也還有學長姊的程式碼可以直接用。
請生成資訊與社會課程的正面心得並限制在123字內,資訊與社會,正面,123,老師上課是教我們如何使用宜蘭大學的網路資源，除了使用vpn讓我們住在校外的學生，也能使用電腦登入學校的網站。上課也會教我們如何使用學校的網路資源。以及交一些用電腦報告的小技巧。之後的通識都會用到報告，這些技巧都非常的實用，但就是報告有點多就是了。
請生成電路學實驗課程的正面心得並限制在112字內,電路學實驗,正面,112,因為剛好在修電路學，藉由這堂實驗課，我們可以驗證一些電路學中的簡單定理或定律，像是歐姆定律、功率分析、磁耦合等等。每2人一組，老師上課會發學習單，做出他要的內容後給他檢查完就可以提早下課了，不會的話可以看一下隔壁同學怎麼做。
請生成電子學 一課程的正面心得並限制在131字內,電子學 一,正面,131,這是我人生中第一次學電子學課程，透過了學習這堂課，讓我更了解電子學在幹嘛，也認識了更多的朋友，也了解到和同學們互相問問題的重要性，因為透過問同學可以學到他們所知道的知識，可以學到更多的東西也認識了一群好朋友。隨堂測驗可以抄別人的，小考期中期末都可課本改數字而已。
請生成電子學 二課程的正面心得並限制在95字內,電子學 二,正面,95,透過了學習這堂課，讓我更了解BJT等等的電晶體，也認識了更多的朋友，也了解到BJT或是FET電晶體在工程上實際的應用是用在哪裡，也學會計算它們的小訊號分析的電流，對電子學三打下了很好的基礎。
請生成人際關係與溝通課程的正面心得並限制在105字內,人際關係與溝通,正面,105,修這門人際關係與溝通這門課程，我學習到透過學習溝通模式、非言語技巧和表達技巧，我能更有效地與他人交流。這堂課最重要的就是要跟(不認識的)組員討論及上台報告，對內向的人來說也許算是一種訓練人際關係與溝通的能力吧。
請生成經濟動物概論課程的正面心得並限制在101字內,經濟動物概論,正面,101,這堂課就是講一些家禽相關的知識，像是如何分辨鴨鵝，以及各種品種的雞豬牛，期中考是選擇題很有難度 想要高分的建議跟本科系學長要考古，期中考後會去參訪羅東的一間豬肉屠宰場，期末要寫一篇有關這趟參訪心得報告。
請生成訊號與系統課程的正面心得並限制在104字內,訊號與系統,正面,104,考試都考課本後面的習題，老師會傳詳細解法給大家，考試基本上沒有詳解不會給你過，或是沒用她上課教的方法一樣0分，需要花很多時間自行學習，考試很容易就被扣分，很難要到分數，學期分數會調，不用太在意自己考試的總分。
請生成西洋哲學概論課程的正面心得並限制在118字內,西洋哲學概論,正面,118,這堂課感覺就是一堂天馬行空的課程，有的人很會唬爛，跟老師唬爛幾句老師也覺得這就是哲學很高興，反正我是不懂啦，覺得就是比唬爛的技術，期末有分組報告，老師要求每個組員都要做報告且自己報告自己做的地方，我覺得這樣做法不錯，可以讓大家都有做事。
請生成民法概論課程的正面心得並限制在175字內,民法概論,正面,175,上完這堂課學到很多民法相關知識，老師上課都會帶個案進去，讓同學比較好了解法條內容，但平常都是一條一條法規講解，其實上課蠻想睡覺的，這堂課可以很輕鬆的學習，是比較沒什麼壓力的課，以不同的角度與思維來看待、詮釋各種問題及狀況，上課時間內也可以隨時跟老師提問，老師人很nice的，我覺得大家有時間都需要學學民法知識，因為不管是自己或是家人都很有機會用到的。
請生成數位系統快速雛形設計課程的正面心得並限制在85字內,數位系統快速雛形設計,正面,85,"修這門課前要先修過邏輯設計,才會比較聽得懂上課內容,老師上課很認真,不過內容比較無聊,感覺沒有很多同學有再聽課,不過老師教得還蠻仔細的,期末的小專題也不會太難,有交就會過"
請生成電機概論課程的正面心得並限制在142字內,電機概論,正面,142,上這堂課的時候，老師非常認真的教學，因為他希望把所有主題的內容、程式寫法等等的都交給我們，並且希望大家都能學會，所以大家上課一定要專心一點，有認真上課就會知道老師教得其實不難，期中期末都是上課的內容。經過這堂課，我也認識許多電子小元件，且鞏固程式的基礎，對未來電機之路產生很大的幫助。
請生成全民國防教育軍事訓練-全民國防課程的正面心得並限制在116字內,全民國防教育軍事訓練-全民國防,正面,116,在這堂課中我學到了許多有關我國軍事的資訊與分析時事的能力，像是老師上課有講到我們目前擁有的四艘潛艦海龍海虎海獅海豹，以及中國擁有的航母它的規格之類的，還有如何防止詐騙(有請警察來課堂上演講)、以及教官分享自己被詐騙的經驗來警惕我們。
請生成電腦網路課程的正面心得並限制在100字內,電腦網路,正面,100,這堂課其實主要都是背的東西，老師考前一周會講說要考什麼，像是TCP/IP通訊協議什麼的，用力把那些東西背下來就有分了，阿還有老師上課很常會說肚子餓了就提早下課。基本上老師不太當人，正常的出席都能過得。
請生成電影文學課程的正面心得並限制在119字內,電影文學,正面,119,修這堂課程讓我學到了很多技巧，像是我學到了如何分析電影中的故事情節、角色和主題，以及如何將這些元素與文學作品相互比較和對照，也瞭解到不同導演的風格和技巧如何影響電影的表達方式，總之這就是很文學的一堂課程，但又是必修課程所以選這個還不錯拉。
請生成環境保護法規課程的正面心得並限制在82字內,環境保護法規,正面,82,這堂課讓我學到與環境有關的相關法規，老師人很好，只要有簽到，考試也都有去考就會過，不用怕會被當，老師上課也會說哪頁簡報內容會考，只要有聽回家稍微看一下都可以拿高分。
請生成工業4.0 理論與實務課程的正面心得並限制在92字內,工業4.0 理論與實務,正面,92,在這門課中真的學到很多實用的知識跟想法，跟基礎科目不同，這門課上到的東西是業界實際會用上的 其中有教到物聯網，大數據、人工智慧、PLC程式撰寫等，這些都是我有修過的課程，都還蠻有印象。
請生成世界音樂賞析課程的正面心得並限制在186字內,世界音樂賞析,正面,186,上完這堂課主要了解各種地方的音樂文化的不同之處，再來就是透過各個組別的同學報告，學到一個類型裡面很多不同的樂器，也學到它們各種不同的特色，有的可能負責高音部分有的可能就是低音的部分，各有各的優勢在，讓我更了解了音樂一些。 期中報告是4~6個人一組，以一種樂器為大方向，比如直笛那有的人可以報告長笛等等不同的小類型，報告他的歷史來由，特色，然後最後可以撥放一個他的表演音樂。
請生成經濟動物概論課程的正面心得並限制在102字內,經濟動物概論,正面,102,這堂課就是講一些家禽相關的知識，期中考是選擇題很有難度 想要高分的建議跟本科系學長要考古，期中考後會去參訪羅東的一間豬肉屠宰場，期末要寫一篇有關這趟參訪心得報告。到屠宰場建議鞋子別穿太好，因為那裡蠻髒的。
請生成計算機概論課程的正面心得並限制在82字內,計算機概論,正面,82,"剛上大一的一門有關電腦的必修,大部分內容都聽不太懂,老師講很快也講不太清楚,但老師人算蠻好的,作業偏多,考試大約五次,有時侯隨機,有時候會前一周公布,而且有補考機會"
請生成電機機械課程的正面心得並限制在98字內,電機機械,正面,98,每次上課老師教完例題後都會有練習題給我們做，寫完須以zuvio拍照上傳答案，這都會算在平時成績之內，所以建議每次都要寫 。 期中+期末>=100就會過，所以期中考要努力一點(因為期中比期末簡單)。
請生成資訊與社會課程的正面心得並限制在106字內,資訊與社會,正面,106,老師上課是教我們如何使用宜蘭大學的網路資源，除了使用vpn讓我們住在校外的學生，也能使用電腦登入學校的網站。上課也會教我們如何使用學校的網路資源。以及交一些用電腦報告的小技巧。之後大三大四專題都會用到，非常實用。
請生成氣候變遷與永續發展課程的正面心得並限制在129字內,氣候變遷與永續發展,正面,129,這堂課就是寫心得看電影寫心得看電影每堂課幾乎都是這樣，心得有好好寫基本上都能過，期中考過後一個禮拜三會包遊覽車去海邊淨灘，我覺得是還蠻好玩的一個體驗，期末考有各組報告。作業就是每堂課都會看電影，要寫心得下課繳回，期中之後會去淨灘，淨灘後也是要寫心得，期末交。
請生成電路學實驗課程的正面心得並限制在106字內,電路學實驗,正面,106,因為剛好在修電路學，藉由這堂實驗課，我們可以驗證一些電路學中的簡單定理或定律，像是歐姆定律、功率分析、磁耦合等等。每2人一組，老師上課會發學習單，做出他要的內容後給他檢查完就可以提早下課了，不會也可請同學教你啦。
請生成藝術心理學與生活課程的正面心得並限制在100字內,藝術心理學與生活,正面,100,這堂課大部分的成員都是大一新生，老師為了讓大家更認識這個校園與更認識彼此，期中報告就是自我介紹，內容包括家人與自己最引以為傲的成就*2還有大學認識的同學等等，總之比較內向的朋友會比較不習慣這樣的報告。
請生成基礎攀岩課程的正面心得並限制在80字內,基礎攀岩,正面,80,"剛開始爬會很吃力如果平常沒在運動的話,不過練習幾次就有一點訣竅了,有任何問題老師都會教你,會提早下課,也可以留下來繼續練習,而且下雨就會停課,這是下雨的唯一優點"
請生成電力系統課程的正面心得並限制在130字內,電力系統,正面,130,整體來說偏難，尤其期中後難度增加許多，但認真學是可以學到東西的。回家作業要認真寫，可以的話主動跟老師提出要考小考，期中期末有機會出跟小考類似的題目。老師不太會點名，但老師其實蠻會認人的，老師人其實也很好，有問題都可以去問。課後要填3Q問卷，可以加不少平時分數。
請生成系統設計實驗課程的正面心得並限制在87字內,系統設計實驗,正面,87,這堂課我覺得很有趣也很好學，老師基本上每次上課都會上2節課，第三節會出個題目留給同學做練習，但這個練習不算分的，但是練習的內容就是上課教得所以不難，練習完基本上就可以下課了。
請生成電性量測實務課程的正面心得並限制在94字內,電性量測實務,正面,94,這門課每周都會上四節課，前一~兩節課老師會講解，之後就會讓每組自行實作課堂作業，基本上做完給助教檢查打勾才能走，如果沒做完其實也是可以走，但就是要利用其他時間來教室，做完助教才會把你打勾。
請生成民主法治與生活課程的正面心得並限制在101字內,民主法治與生活,正面,101,看了一些有意義的影片，對我來說我覺得我聽到了很多有趣的故事，也更了解了一些台灣以前的背景，在老師的故事中也能觀摩到各方面的政治人物。這堂課讓我看到民主法治生活都是前人流血拼命換來的，得來不易須好好珍惜。
請生成飯店管理課程的正面心得並限制在81字內,飯店管理,正面,81,飯店管理課超實用！學到如何應對客戶、運營餐飲，還有預訂系統操作。老師案例豐富，生動有趣，讓我真的感受到管理的挑戰，期待未來能在飯店業展現所學，感謝這門充實的課程！
請生成全民國防教育軍事訓練-全民國防課程的正面心得並限制在110字內,全民國防教育軍事訓練-全民國防,正面,110,老師每周上課都會與我們分享時事，像是今年有聊到潛艦國造、總統大選藍白和等問題，還會請軍人、警察來演講、算是蠻有趣的，期中報告是做一個有關軍事的(需要自己加旁白)的電影解說影片，期末報告就是正常的報告，看選到甚麼主題而已。
請生成計畫管理與書報研讀課程的正面心得並限制在109字內,計畫管理與書報研讀,正面,109,這堂課最終目的是找到自己專題分組的方向，整學期會請校內校外講師或教授來演講他們專業的內容，每次聽完演講都要寫一張心得單，建議拍照留在相簿內，因為期末必須繳交一份分組報告，內容是選組相關的東西，都會用到學習單的一些內容。
請生成切換式電源供應器課程的正面心得並限制在117字內,切換式電源供應器,正面,117,這堂課期中考前都在講各種的電源轉換器的分析，如果大三的【電力電子學】有好好上課的話基本上期中考沒什麼問題，期中後會講很多碩士班的東西，基本上我是有聽沒有懂，但期末考會注重在損耗分析、磁性元件、功率半導體這三個章節，讀懂就沒什麼大問題。
請生成行銷傳播學課程的正面心得並限制在98字內,行銷傳播學,正面,98,透過深入研究傳播理論和行銷策略，我不僅理解了訊息如何影響受眾，還學到了如何精準定位目標市場。這門課程不僅豐富了我的學術知識，更讓我對行銷傳播的領域充滿熱情與洞察，也能將這份知識運用到往後的工作上。
